#
# TABLE STRUCTURE FOR: communities
#

DROP TABLE IF EXISTS `communities`;

CREATE TABLE `communities` (
  `id` int(10) unsigned NOT NULL AUTO_INCREMENT,
  `name` varchar(150) COLLATE utf8_unicode_ci NOT NULL,
  PRIMARY KEY (`id`),
  UNIQUE KEY `name` (`name`)
) ENGINE=InnoDB AUTO_INCREMENT=11 DEFAULT CHARSET=utf8 COLLATE=utf8_unicode_ci;

INSERT INTO `communities` (`id`, `name`) VALUES (3, 'aliquam');
INSERT INTO `communities` (`id`, `name`) VALUES (8, 'architecto');
INSERT INTO `communities` (`id`, `name`) VALUES (1, 'autem');
INSERT INTO `communities` (`id`, `name`) VALUES (9, 'harum');
INSERT INTO `communities` (`id`, `name`) VALUES (2, 'impedit');
INSERT INTO `communities` (`id`, `name`) VALUES (10, 'nam');
INSERT INTO `communities` (`id`, `name`) VALUES (5, 'reiciendis');
INSERT INTO `communities` (`id`, `name`) VALUES (7, 'sed');
INSERT INTO `communities` (`id`, `name`) VALUES (4, 'veniam');
INSERT INTO `communities` (`id`, `name`) VALUES (6, 'voluptas');


#
# TABLE STRUCTURE FOR: communities_users
#

DROP TABLE IF EXISTS `communities_users`;

CREATE TABLE `communities_users` (
  `community_id` int(10) unsigned NOT NULL,
  `user_id` int(10) unsigned NOT NULL,
  PRIMARY KEY (`community_id`,`user_id`)
) ENGINE=InnoDB DEFAULT CHARSET=utf8 COLLATE=utf8_unicode_ci;

INSERT INTO `communities_users` (`community_id`, `user_id`) VALUES (1, 2);
INSERT INTO `communities_users` (`community_id`, `user_id`) VALUES (1, 8);
INSERT INTO `communities_users` (`community_id`, `user_id`) VALUES (1, 11);
INSERT INTO `communities_users` (`community_id`, `user_id`) VALUES (1, 12);
INSERT INTO `communities_users` (`community_id`, `user_id`) VALUES (1, 13);
INSERT INTO `communities_users` (`community_id`, `user_id`) VALUES (1, 25);
INSERT INTO `communities_users` (`community_id`, `user_id`) VALUES (1, 35);
INSERT INTO `communities_users` (`community_id`, `user_id`) VALUES (1, 46);
INSERT INTO `communities_users` (`community_id`, `user_id`) VALUES (1, 75);
INSERT INTO `communities_users` (`community_id`, `user_id`) VALUES (1, 85);
INSERT INTO `communities_users` (`community_id`, `user_id`) VALUES (1, 88);
INSERT INTO `communities_users` (`community_id`, `user_id`) VALUES (1, 89);
INSERT INTO `communities_users` (`community_id`, `user_id`) VALUES (1, 96);
INSERT INTO `communities_users` (`community_id`, `user_id`) VALUES (2, 22);
INSERT INTO `communities_users` (`community_id`, `user_id`) VALUES (2, 29);
INSERT INTO `communities_users` (`community_id`, `user_id`) VALUES (2, 36);
INSERT INTO `communities_users` (`community_id`, `user_id`) VALUES (2, 55);
INSERT INTO `communities_users` (`community_id`, `user_id`) VALUES (2, 72);
INSERT INTO `communities_users` (`community_id`, `user_id`) VALUES (2, 76);
INSERT INTO `communities_users` (`community_id`, `user_id`) VALUES (2, 80);
INSERT INTO `communities_users` (`community_id`, `user_id`) VALUES (2, 91);
INSERT INTO `communities_users` (`community_id`, `user_id`) VALUES (3, 5);
INSERT INTO `communities_users` (`community_id`, `user_id`) VALUES (3, 20);
INSERT INTO `communities_users` (`community_id`, `user_id`) VALUES (3, 26);
INSERT INTO `communities_users` (`community_id`, `user_id`) VALUES (3, 39);
INSERT INTO `communities_users` (`community_id`, `user_id`) VALUES (3, 47);
INSERT INTO `communities_users` (`community_id`, `user_id`) VALUES (3, 52);
INSERT INTO `communities_users` (`community_id`, `user_id`) VALUES (3, 56);
INSERT INTO `communities_users` (`community_id`, `user_id`) VALUES (3, 58);
INSERT INTO `communities_users` (`community_id`, `user_id`) VALUES (3, 61);
INSERT INTO `communities_users` (`community_id`, `user_id`) VALUES (3, 90);
INSERT INTO `communities_users` (`community_id`, `user_id`) VALUES (3, 98);
INSERT INTO `communities_users` (`community_id`, `user_id`) VALUES (4, 16);
INSERT INTO `communities_users` (`community_id`, `user_id`) VALUES (4, 17);
INSERT INTO `communities_users` (`community_id`, `user_id`) VALUES (4, 19);
INSERT INTO `communities_users` (`community_id`, `user_id`) VALUES (4, 21);
INSERT INTO `communities_users` (`community_id`, `user_id`) VALUES (4, 27);
INSERT INTO `communities_users` (`community_id`, `user_id`) VALUES (4, 30);
INSERT INTO `communities_users` (`community_id`, `user_id`) VALUES (4, 31);
INSERT INTO `communities_users` (`community_id`, `user_id`) VALUES (4, 33);
INSERT INTO `communities_users` (`community_id`, `user_id`) VALUES (4, 45);
INSERT INTO `communities_users` (`community_id`, `user_id`) VALUES (4, 69);
INSERT INTO `communities_users` (`community_id`, `user_id`) VALUES (4, 71);
INSERT INTO `communities_users` (`community_id`, `user_id`) VALUES (4, 73);
INSERT INTO `communities_users` (`community_id`, `user_id`) VALUES (4, 82);
INSERT INTO `communities_users` (`community_id`, `user_id`) VALUES (4, 84);
INSERT INTO `communities_users` (`community_id`, `user_id`) VALUES (4, 86);
INSERT INTO `communities_users` (`community_id`, `user_id`) VALUES (4, 92);
INSERT INTO `communities_users` (`community_id`, `user_id`) VALUES (5, 48);
INSERT INTO `communities_users` (`community_id`, `user_id`) VALUES (5, 50);
INSERT INTO `communities_users` (`community_id`, `user_id`) VALUES (5, 51);
INSERT INTO `communities_users` (`community_id`, `user_id`) VALUES (5, 68);
INSERT INTO `communities_users` (`community_id`, `user_id`) VALUES (5, 74);
INSERT INTO `communities_users` (`community_id`, `user_id`) VALUES (5, 81);
INSERT INTO `communities_users` (`community_id`, `user_id`) VALUES (5, 94);
INSERT INTO `communities_users` (`community_id`, `user_id`) VALUES (5, 99);
INSERT INTO `communities_users` (`community_id`, `user_id`) VALUES (6, 3);
INSERT INTO `communities_users` (`community_id`, `user_id`) VALUES (6, 14);
INSERT INTO `communities_users` (`community_id`, `user_id`) VALUES (6, 32);
INSERT INTO `communities_users` (`community_id`, `user_id`) VALUES (6, 57);
INSERT INTO `communities_users` (`community_id`, `user_id`) VALUES (6, 60);
INSERT INTO `communities_users` (`community_id`, `user_id`) VALUES (6, 65);
INSERT INTO `communities_users` (`community_id`, `user_id`) VALUES (6, 78);
INSERT INTO `communities_users` (`community_id`, `user_id`) VALUES (6, 83);
INSERT INTO `communities_users` (`community_id`, `user_id`) VALUES (6, 95);
INSERT INTO `communities_users` (`community_id`, `user_id`) VALUES (6, 97);
INSERT INTO `communities_users` (`community_id`, `user_id`) VALUES (7, 6);
INSERT INTO `communities_users` (`community_id`, `user_id`) VALUES (7, 15);
INSERT INTO `communities_users` (`community_id`, `user_id`) VALUES (7, 34);
INSERT INTO `communities_users` (`community_id`, `user_id`) VALUES (7, 38);
INSERT INTO `communities_users` (`community_id`, `user_id`) VALUES (7, 44);
INSERT INTO `communities_users` (`community_id`, `user_id`) VALUES (7, 53);
INSERT INTO `communities_users` (`community_id`, `user_id`) VALUES (7, 64);
INSERT INTO `communities_users` (`community_id`, `user_id`) VALUES (7, 93);
INSERT INTO `communities_users` (`community_id`, `user_id`) VALUES (7, 100);
INSERT INTO `communities_users` (`community_id`, `user_id`) VALUES (8, 1);
INSERT INTO `communities_users` (`community_id`, `user_id`) VALUES (8, 9);
INSERT INTO `communities_users` (`community_id`, `user_id`) VALUES (8, 24);
INSERT INTO `communities_users` (`community_id`, `user_id`) VALUES (8, 41);
INSERT INTO `communities_users` (`community_id`, `user_id`) VALUES (8, 49);
INSERT INTO `communities_users` (`community_id`, `user_id`) VALUES (8, 62);
INSERT INTO `communities_users` (`community_id`, `user_id`) VALUES (8, 79);
INSERT INTO `communities_users` (`community_id`, `user_id`) VALUES (8, 87);
INSERT INTO `communities_users` (`community_id`, `user_id`) VALUES (9, 7);
INSERT INTO `communities_users` (`community_id`, `user_id`) VALUES (9, 23);
INSERT INTO `communities_users` (`community_id`, `user_id`) VALUES (9, 37);
INSERT INTO `communities_users` (`community_id`, `user_id`) VALUES (9, 40);
INSERT INTO `communities_users` (`community_id`, `user_id`) VALUES (9, 42);
INSERT INTO `communities_users` (`community_id`, `user_id`) VALUES (9, 54);
INSERT INTO `communities_users` (`community_id`, `user_id`) VALUES (9, 66);
INSERT INTO `communities_users` (`community_id`, `user_id`) VALUES (9, 67);
INSERT INTO `communities_users` (`community_id`, `user_id`) VALUES (10, 4);
INSERT INTO `communities_users` (`community_id`, `user_id`) VALUES (10, 10);
INSERT INTO `communities_users` (`community_id`, `user_id`) VALUES (10, 18);
INSERT INTO `communities_users` (`community_id`, `user_id`) VALUES (10, 28);
INSERT INTO `communities_users` (`community_id`, `user_id`) VALUES (10, 43);
INSERT INTO `communities_users` (`community_id`, `user_id`) VALUES (10, 59);
INSERT INTO `communities_users` (`community_id`, `user_id`) VALUES (10, 63);
INSERT INTO `communities_users` (`community_id`, `user_id`) VALUES (10, 70);
INSERT INTO `communities_users` (`community_id`, `user_id`) VALUES (10, 77);


#
# TABLE STRUCTURE FOR: friendship
#

DROP TABLE IF EXISTS `friendship`;

CREATE TABLE `friendship` (
  `user_id` int(10) unsigned NOT NULL,
  `friend_id` int(10) unsigned NOT NULL,
  `status_id` int(10) unsigned NOT NULL,
  `requested_at` datetime DEFAULT current_timestamp(),
  `confirmed_at` datetime DEFAULT NULL,
  PRIMARY KEY (`user_id`,`friend_id`)
) ENGINE=InnoDB DEFAULT CHARSET=utf8 COLLATE=utf8_unicode_ci;

INSERT INTO `friendship` (`user_id`, `friend_id`, `status_id`, `requested_at`, `confirmed_at`) VALUES (1, 11, 4, '2005-11-30 22:33:35', '2004-09-13 12:10:30');
INSERT INTO `friendship` (`user_id`, `friend_id`, `status_id`, `requested_at`, `confirmed_at`) VALUES (1, 34, 3, '1980-06-21 20:55:51', '1978-11-30 08:01:06');
INSERT INTO `friendship` (`user_id`, `friend_id`, `status_id`, `requested_at`, `confirmed_at`) VALUES (1, 75, 1, '1970-07-27 10:18:34', '2011-07-11 01:46:44');
INSERT INTO `friendship` (`user_id`, `friend_id`, `status_id`, `requested_at`, `confirmed_at`) VALUES (1, 93, 4, '1988-08-27 03:12:39', '1982-08-10 21:37:31');
INSERT INTO `friendship` (`user_id`, `friend_id`, `status_id`, `requested_at`, `confirmed_at`) VALUES (6, 52, 5, '1973-10-27 11:51:07', '2005-01-08 16:37:34');
INSERT INTO `friendship` (`user_id`, `friend_id`, `status_id`, `requested_at`, `confirmed_at`) VALUES (7, 1, 3, '2001-06-08 17:01:06', '1987-04-06 11:03:56');
INSERT INTO `friendship` (`user_id`, `friend_id`, `status_id`, `requested_at`, `confirmed_at`) VALUES (7, 6, 3, '2002-12-16 17:39:28', '1975-02-02 05:59:22');
INSERT INTO `friendship` (`user_id`, `friend_id`, `status_id`, `requested_at`, `confirmed_at`) VALUES (7, 32, 5, '1992-06-06 09:24:56', '1990-02-20 03:09:55');
INSERT INTO `friendship` (`user_id`, `friend_id`, `status_id`, `requested_at`, `confirmed_at`) VALUES (8, 75, 4, '1997-11-30 08:53:01', '1994-06-03 11:56:36');
INSERT INTO `friendship` (`user_id`, `friend_id`, `status_id`, `requested_at`, `confirmed_at`) VALUES (9, 49, 1, '2016-11-20 18:11:18', '1983-03-13 12:56:15');
INSERT INTO `friendship` (`user_id`, `friend_id`, `status_id`, `requested_at`, `confirmed_at`) VALUES (10, 45, 3, '2012-12-12 10:05:37', '1972-02-10 10:37:37');
INSERT INTO `friendship` (`user_id`, `friend_id`, `status_id`, `requested_at`, `confirmed_at`) VALUES (10, 82, 5, '1971-10-11 18:24:31', '1988-06-24 03:42:10');
INSERT INTO `friendship` (`user_id`, `friend_id`, `status_id`, `requested_at`, `confirmed_at`) VALUES (11, 22, 5, '1980-11-10 18:24:39', '1971-02-19 09:16:51');
INSERT INTO `friendship` (`user_id`, `friend_id`, `status_id`, `requested_at`, `confirmed_at`) VALUES (12, 3, 1, '1989-08-05 04:05:24', '2012-01-28 19:58:40');
INSERT INTO `friendship` (`user_id`, `friend_id`, `status_id`, `requested_at`, `confirmed_at`) VALUES (12, 56, 3, '2007-03-12 16:03:24', '2001-05-30 12:22:53');
INSERT INTO `friendship` (`user_id`, `friend_id`, `status_id`, `requested_at`, `confirmed_at`) VALUES (14, 100, 4, '2019-09-19 17:11:09', '1995-12-24 11:12:16');
INSERT INTO `friendship` (`user_id`, `friend_id`, `status_id`, `requested_at`, `confirmed_at`) VALUES (15, 18, 2, '1992-01-08 03:37:08', '1976-07-29 03:36:42');
INSERT INTO `friendship` (`user_id`, `friend_id`, `status_id`, `requested_at`, `confirmed_at`) VALUES (15, 37, 1, '2016-08-03 05:55:56', '2017-02-21 09:28:16');
INSERT INTO `friendship` (`user_id`, `friend_id`, `status_id`, `requested_at`, `confirmed_at`) VALUES (15, 95, 1, '2013-11-30 00:09:06', '1999-05-29 02:13:01');
INSERT INTO `friendship` (`user_id`, `friend_id`, `status_id`, `requested_at`, `confirmed_at`) VALUES (16, 99, 2, '1992-08-06 08:30:09', '1998-09-30 05:36:28');
INSERT INTO `friendship` (`user_id`, `friend_id`, `status_id`, `requested_at`, `confirmed_at`) VALUES (17, 18, 3, '2015-04-23 22:33:57', '1979-02-09 03:17:21');
INSERT INTO `friendship` (`user_id`, `friend_id`, `status_id`, `requested_at`, `confirmed_at`) VALUES (17, 77, 5, '2010-12-10 15:10:06', '1986-09-27 15:46:38');
INSERT INTO `friendship` (`user_id`, `friend_id`, `status_id`, `requested_at`, `confirmed_at`) VALUES (19, 84, 4, '1980-10-13 02:34:36', '2017-06-25 16:55:21');
INSERT INTO `friendship` (`user_id`, `friend_id`, `status_id`, `requested_at`, `confirmed_at`) VALUES (20, 12, 4, '1991-01-07 10:12:05', '2002-06-07 13:25:45');
INSERT INTO `friendship` (`user_id`, `friend_id`, `status_id`, `requested_at`, `confirmed_at`) VALUES (22, 35, 1, '1978-06-10 04:27:24', '1990-05-13 09:10:05');
INSERT INTO `friendship` (`user_id`, `friend_id`, `status_id`, `requested_at`, `confirmed_at`) VALUES (26, 82, 2, '1999-09-18 03:46:47', '1981-03-09 17:33:23');
INSERT INTO `friendship` (`user_id`, `friend_id`, `status_id`, `requested_at`, `confirmed_at`) VALUES (30, 98, 3, '2016-07-27 03:22:00', '2014-07-14 03:42:54');
INSERT INTO `friendship` (`user_id`, `friend_id`, `status_id`, `requested_at`, `confirmed_at`) VALUES (31, 79, 4, '1979-04-28 03:09:27', '2009-04-12 01:57:24');
INSERT INTO `friendship` (`user_id`, `friend_id`, `status_id`, `requested_at`, `confirmed_at`) VALUES (31, 97, 5, '2012-07-10 01:46:26', '1979-06-04 03:27:32');
INSERT INTO `friendship` (`user_id`, `friend_id`, `status_id`, `requested_at`, `confirmed_at`) VALUES (32, 21, 5, '2012-02-29 06:11:50', '2010-05-05 08:25:36');
INSERT INTO `friendship` (`user_id`, `friend_id`, `status_id`, `requested_at`, `confirmed_at`) VALUES (33, 61, 3, '1982-03-04 23:34:48', '1986-01-31 15:15:35');
INSERT INTO `friendship` (`user_id`, `friend_id`, `status_id`, `requested_at`, `confirmed_at`) VALUES (37, 16, 1, '2010-02-11 09:46:36', '1992-02-08 11:26:51');
INSERT INTO `friendship` (`user_id`, `friend_id`, `status_id`, `requested_at`, `confirmed_at`) VALUES (37, 86, 2, '1971-10-26 21:52:51', '2008-10-23 00:01:57');
INSERT INTO `friendship` (`user_id`, `friend_id`, `status_id`, `requested_at`, `confirmed_at`) VALUES (37, 90, 1, '1995-02-24 10:21:17', '1985-03-05 16:07:30');
INSERT INTO `friendship` (`user_id`, `friend_id`, `status_id`, `requested_at`, `confirmed_at`) VALUES (39, 27, 5, '1985-09-15 15:23:54', '2014-01-08 11:30:05');
INSERT INTO `friendship` (`user_id`, `friend_id`, `status_id`, `requested_at`, `confirmed_at`) VALUES (40, 97, 3, '2012-01-19 11:01:59', '2003-08-17 19:30:34');
INSERT INTO `friendship` (`user_id`, `friend_id`, `status_id`, `requested_at`, `confirmed_at`) VALUES (41, 21, 5, '1988-11-14 16:41:32', '2000-10-11 01:51:19');
INSERT INTO `friendship` (`user_id`, `friend_id`, `status_id`, `requested_at`, `confirmed_at`) VALUES (41, 32, 3, '2010-04-21 14:00:20', '1994-09-23 01:40:11');
INSERT INTO `friendship` (`user_id`, `friend_id`, `status_id`, `requested_at`, `confirmed_at`) VALUES (42, 82, 5, '1995-04-27 03:09:16', '2009-01-07 22:04:59');
INSERT INTO `friendship` (`user_id`, `friend_id`, `status_id`, `requested_at`, `confirmed_at`) VALUES (43, 20, 3, '2015-01-29 19:50:08', '1971-05-21 12:54:52');
INSERT INTO `friendship` (`user_id`, `friend_id`, `status_id`, `requested_at`, `confirmed_at`) VALUES (43, 92, 2, '1996-06-18 21:15:26', '1996-10-19 19:25:59');
INSERT INTO `friendship` (`user_id`, `friend_id`, `status_id`, `requested_at`, `confirmed_at`) VALUES (45, 3, 2, '2006-03-27 20:13:22', '2002-07-11 07:49:06');
INSERT INTO `friendship` (`user_id`, `friend_id`, `status_id`, `requested_at`, `confirmed_at`) VALUES (47, 27, 5, '1995-06-08 08:12:49', '1980-11-20 23:06:43');
INSERT INTO `friendship` (`user_id`, `friend_id`, `status_id`, `requested_at`, `confirmed_at`) VALUES (49, 22, 5, '1994-09-22 23:54:48', '1970-10-13 02:10:14');
INSERT INTO `friendship` (`user_id`, `friend_id`, `status_id`, `requested_at`, `confirmed_at`) VALUES (49, 41, 5, '2004-07-06 00:57:47', '2011-07-01 20:19:38');
INSERT INTO `friendship` (`user_id`, `friend_id`, `status_id`, `requested_at`, `confirmed_at`) VALUES (51, 77, 3, '2010-09-16 02:03:17', '1978-09-18 20:23:26');
INSERT INTO `friendship` (`user_id`, `friend_id`, `status_id`, `requested_at`, `confirmed_at`) VALUES (52, 60, 4, '2000-12-18 12:49:26', '1984-04-27 21:22:56');
INSERT INTO `friendship` (`user_id`, `friend_id`, `status_id`, `requested_at`, `confirmed_at`) VALUES (53, 90, 1, '1998-07-25 03:12:38', '1996-11-03 01:43:35');
INSERT INTO `friendship` (`user_id`, `friend_id`, `status_id`, `requested_at`, `confirmed_at`) VALUES (54, 75, 2, '1981-09-10 15:53:45', '1997-11-11 09:20:09');
INSERT INTO `friendship` (`user_id`, `friend_id`, `status_id`, `requested_at`, `confirmed_at`) VALUES (58, 1, 2, '2013-05-25 12:57:39', '1994-09-17 07:16:31');
INSERT INTO `friendship` (`user_id`, `friend_id`, `status_id`, `requested_at`, `confirmed_at`) VALUES (58, 56, 4, '2005-10-10 14:15:40', '2017-02-03 23:33:54');
INSERT INTO `friendship` (`user_id`, `friend_id`, `status_id`, `requested_at`, `confirmed_at`) VALUES (58, 59, 4, '1996-11-16 15:53:16', '2013-07-16 12:50:36');
INSERT INTO `friendship` (`user_id`, `friend_id`, `status_id`, `requested_at`, `confirmed_at`) VALUES (59, 88, 3, '1977-05-27 13:51:08', '1976-12-27 18:14:27');
INSERT INTO `friendship` (`user_id`, `friend_id`, `status_id`, `requested_at`, `confirmed_at`) VALUES (60, 11, 2, '1974-08-03 05:29:46', '2001-01-26 16:45:21');
INSERT INTO `friendship` (`user_id`, `friend_id`, `status_id`, `requested_at`, `confirmed_at`) VALUES (60, 42, 5, '1990-11-16 06:26:33', '1989-03-19 22:32:33');
INSERT INTO `friendship` (`user_id`, `friend_id`, `status_id`, `requested_at`, `confirmed_at`) VALUES (62, 54, 1, '2013-05-22 21:36:30', '1984-11-19 18:21:33');
INSERT INTO `friendship` (`user_id`, `friend_id`, `status_id`, `requested_at`, `confirmed_at`) VALUES (62, 79, 2, '1999-06-06 06:52:07', '1972-10-25 11:13:52');
INSERT INTO `friendship` (`user_id`, `friend_id`, `status_id`, `requested_at`, `confirmed_at`) VALUES (62, 97, 3, '1988-02-09 02:18:33', '1972-06-04 07:39:52');
INSERT INTO `friendship` (`user_id`, `friend_id`, `status_id`, `requested_at`, `confirmed_at`) VALUES (63, 45, 1, '2006-02-09 16:41:35', '1988-12-20 10:02:26');
INSERT INTO `friendship` (`user_id`, `friend_id`, `status_id`, `requested_at`, `confirmed_at`) VALUES (64, 47, 5, '2015-04-23 00:28:47', '1980-11-19 05:09:38');
INSERT INTO `friendship` (`user_id`, `friend_id`, `status_id`, `requested_at`, `confirmed_at`) VALUES (65, 2, 4, '2007-07-20 00:06:27', '1996-06-30 01:25:36');
INSERT INTO `friendship` (`user_id`, `friend_id`, `status_id`, `requested_at`, `confirmed_at`) VALUES (65, 92, 4, '1979-01-15 02:03:12', '1970-11-09 23:55:24');
INSERT INTO `friendship` (`user_id`, `friend_id`, `status_id`, `requested_at`, `confirmed_at`) VALUES (66, 50, 3, '2017-11-21 16:19:01', '2009-07-31 16:15:11');
INSERT INTO `friendship` (`user_id`, `friend_id`, `status_id`, `requested_at`, `confirmed_at`) VALUES (66, 69, 3, '2015-10-28 05:44:57', '1978-01-09 07:51:54');
INSERT INTO `friendship` (`user_id`, `friend_id`, `status_id`, `requested_at`, `confirmed_at`) VALUES (67, 5, 2, '1972-10-21 02:11:57', '2017-08-09 22:41:01');
INSERT INTO `friendship` (`user_id`, `friend_id`, `status_id`, `requested_at`, `confirmed_at`) VALUES (69, 96, 4, '1976-05-06 05:58:16', '1988-10-18 16:26:44');
INSERT INTO `friendship` (`user_id`, `friend_id`, `status_id`, `requested_at`, `confirmed_at`) VALUES (70, 51, 1, '2003-02-02 17:31:02', '1971-08-20 06:43:12');
INSERT INTO `friendship` (`user_id`, `friend_id`, `status_id`, `requested_at`, `confirmed_at`) VALUES (71, 29, 3, '1978-12-07 04:21:13', '2005-11-03 08:05:03');
INSERT INTO `friendship` (`user_id`, `friend_id`, `status_id`, `requested_at`, `confirmed_at`) VALUES (71, 65, 5, '1988-01-12 19:05:25', '1971-01-28 07:48:08');
INSERT INTO `friendship` (`user_id`, `friend_id`, `status_id`, `requested_at`, `confirmed_at`) VALUES (72, 67, 4, '1987-09-28 17:08:19', '1995-01-08 16:53:40');
INSERT INTO `friendship` (`user_id`, `friend_id`, `status_id`, `requested_at`, `confirmed_at`) VALUES (73, 14, 1, '1982-06-07 00:42:28', '1980-05-20 10:05:58');
INSERT INTO `friendship` (`user_id`, `friend_id`, `status_id`, `requested_at`, `confirmed_at`) VALUES (75, 71, 4, '2006-04-24 11:43:16', '1976-04-03 16:33:57');
INSERT INTO `friendship` (`user_id`, `friend_id`, `status_id`, `requested_at`, `confirmed_at`) VALUES (76, 76, 5, '1994-12-09 14:50:03', '2007-01-24 10:39:24');
INSERT INTO `friendship` (`user_id`, `friend_id`, `status_id`, `requested_at`, `confirmed_at`) VALUES (78, 72, 1, '2008-04-03 02:38:28', '1981-01-06 12:03:20');
INSERT INTO `friendship` (`user_id`, `friend_id`, `status_id`, `requested_at`, `confirmed_at`) VALUES (79, 12, 4, '1975-03-09 21:45:04', '2017-04-24 00:03:41');
INSERT INTO `friendship` (`user_id`, `friend_id`, `status_id`, `requested_at`, `confirmed_at`) VALUES (80, 14, 5, '2002-08-05 04:14:57', '1990-04-29 08:05:24');
INSERT INTO `friendship` (`user_id`, `friend_id`, `status_id`, `requested_at`, `confirmed_at`) VALUES (80, 48, 2, '1976-02-22 19:33:52', '2013-06-05 15:54:00');
INSERT INTO `friendship` (`user_id`, `friend_id`, `status_id`, `requested_at`, `confirmed_at`) VALUES (82, 11, 3, '1994-10-09 08:14:40', '2002-08-04 00:44:32');
INSERT INTO `friendship` (`user_id`, `friend_id`, `status_id`, `requested_at`, `confirmed_at`) VALUES (82, 36, 1, '2004-06-23 14:23:52', '2015-11-25 22:46:18');
INSERT INTO `friendship` (`user_id`, `friend_id`, `status_id`, `requested_at`, `confirmed_at`) VALUES (82, 61, 4, '1994-07-05 05:56:35', '2015-05-03 17:36:37');
INSERT INTO `friendship` (`user_id`, `friend_id`, `status_id`, `requested_at`, `confirmed_at`) VALUES (82, 62, 2, '2008-07-15 12:15:04', '1970-09-24 17:16:23');
INSERT INTO `friendship` (`user_id`, `friend_id`, `status_id`, `requested_at`, `confirmed_at`) VALUES (84, 80, 2, '1996-08-29 01:06:33', '2005-06-30 04:16:26');
INSERT INTO `friendship` (`user_id`, `friend_id`, `status_id`, `requested_at`, `confirmed_at`) VALUES (86, 48, 2, '1998-05-28 00:17:09', '1977-04-08 05:08:26');
INSERT INTO `friendship` (`user_id`, `friend_id`, `status_id`, `requested_at`, `confirmed_at`) VALUES (86, 82, 1, '1987-07-11 06:14:14', '2008-06-03 11:56:19');
INSERT INTO `friendship` (`user_id`, `friend_id`, `status_id`, `requested_at`, `confirmed_at`) VALUES (88, 30, 3, '2010-11-12 01:57:00', '1974-01-31 22:19:18');
INSERT INTO `friendship` (`user_id`, `friend_id`, `status_id`, `requested_at`, `confirmed_at`) VALUES (89, 91, 3, '1974-07-30 06:15:01', '1973-10-21 03:57:03');
INSERT INTO `friendship` (`user_id`, `friend_id`, `status_id`, `requested_at`, `confirmed_at`) VALUES (90, 43, 1, '1983-04-28 07:35:17', '1976-04-16 02:56:22');
INSERT INTO `friendship` (`user_id`, `friend_id`, `status_id`, `requested_at`, `confirmed_at`) VALUES (92, 20, 1, '1978-03-14 14:00:19', '2015-03-02 05:18:10');
INSERT INTO `friendship` (`user_id`, `friend_id`, `status_id`, `requested_at`, `confirmed_at`) VALUES (92, 22, 2, '1994-12-27 06:19:54', '1994-02-25 03:43:10');
INSERT INTO `friendship` (`user_id`, `friend_id`, `status_id`, `requested_at`, `confirmed_at`) VALUES (93, 9, 4, '2013-08-06 02:53:34', '1988-06-08 14:15:34');
INSERT INTO `friendship` (`user_id`, `friend_id`, `status_id`, `requested_at`, `confirmed_at`) VALUES (93, 78, 2, '1971-10-24 01:55:51', '1972-07-23 15:49:45');
INSERT INTO `friendship` (`user_id`, `friend_id`, `status_id`, `requested_at`, `confirmed_at`) VALUES (93, 87, 2, '1992-01-08 19:57:40', '1981-03-08 12:34:16');
INSERT INTO `friendship` (`user_id`, `friend_id`, `status_id`, `requested_at`, `confirmed_at`) VALUES (94, 28, 1, '1976-12-09 13:39:34', '2009-09-03 21:19:20');
INSERT INTO `friendship` (`user_id`, `friend_id`, `status_id`, `requested_at`, `confirmed_at`) VALUES (94, 45, 4, '1993-11-19 02:39:51', '2014-06-17 14:20:56');
INSERT INTO `friendship` (`user_id`, `friend_id`, `status_id`, `requested_at`, `confirmed_at`) VALUES (96, 52, 5, '1971-07-11 13:04:00', '2003-05-25 06:33:20');
INSERT INTO `friendship` (`user_id`, `friend_id`, `status_id`, `requested_at`, `confirmed_at`) VALUES (96, 100, 1, '2010-05-27 04:17:23', '2011-03-21 22:48:00');
INSERT INTO `friendship` (`user_id`, `friend_id`, `status_id`, `requested_at`, `confirmed_at`) VALUES (97, 61, 2, '1974-11-26 15:42:40', '1995-12-18 15:44:30');
INSERT INTO `friendship` (`user_id`, `friend_id`, `status_id`, `requested_at`, `confirmed_at`) VALUES (98, 96, 4, '1978-09-28 12:13:49', '2000-12-21 19:08:13');
INSERT INTO `friendship` (`user_id`, `friend_id`, `status_id`, `requested_at`, `confirmed_at`) VALUES (99, 73, 5, '2017-02-24 02:26:15', '2002-11-02 08:51:06');
INSERT INTO `friendship` (`user_id`, `friend_id`, `status_id`, `requested_at`, `confirmed_at`) VALUES (100, 40, 2, '1986-01-05 17:15:43', '2016-08-15 13:03:55');


#
# TABLE STRUCTURE FOR: friendship_statuses
#

DROP TABLE IF EXISTS `friendship_statuses`;

CREATE TABLE `friendship_statuses` (
  `id` int(10) unsigned NOT NULL AUTO_INCREMENT,
  `name` varchar(150) COLLATE utf8_unicode_ci NOT NULL,
  PRIMARY KEY (`id`),
  UNIQUE KEY `name` (`name`)
) ENGINE=InnoDB AUTO_INCREMENT=6 DEFAULT CHARSET=utf8 COLLATE=utf8_unicode_ci;

INSERT INTO `friendship_statuses` (`id`, `name`) VALUES (2, 'autem');
INSERT INTO `friendship_statuses` (`id`, `name`) VALUES (4, 'eius');
INSERT INTO `friendship_statuses` (`id`, `name`) VALUES (5, 'est');
INSERT INTO `friendship_statuses` (`id`, `name`) VALUES (1, 'et');
INSERT INTO `friendship_statuses` (`id`, `name`) VALUES (3, 'soluta');


#
# TABLE STRUCTURE FOR: media
#

DROP TABLE IF EXISTS `media`;

CREATE TABLE `media` (
  `id` int(10) unsigned NOT NULL AUTO_INCREMENT,
  `media_type_id` int(10) unsigned NOT NULL,
  `user_id` int(10) unsigned NOT NULL,
  `filename` varchar(255) COLLATE utf8_unicode_ci NOT NULL,
  `size` int(11) NOT NULL,
  `metadata` longtext CHARACTER SET utf8mb4 COLLATE utf8mb4_bin DEFAULT NULL,
  `created_at` datetime DEFAULT current_timestamp(),
  `updated_at` datetime DEFAULT current_timestamp() ON UPDATE current_timestamp(),
  PRIMARY KEY (`id`)
) ENGINE=InnoDB AUTO_INCREMENT=101 DEFAULT CHARSET=utf8 COLLATE=utf8_unicode_ci;

INSERT INTO `media` (`id`, `media_type_id`, `user_id`, `filename`, `size`, `metadata`, `created_at`, `updated_at`) VALUES (1, 1, 1, 'inventore', 5136, 'Porro blanditiis inventore ut eum. Dolore animi modi assumenda occaecati. Repellat molestiae libero repudiandae ut dolores recusandae.', '2009-12-21 18:03:07', '2018-12-04 23:31:58');
INSERT INTO `media` (`id`, `media_type_id`, `user_id`, `filename`, `size`, `metadata`, `created_at`, `updated_at`) VALUES (2, 2, 2, 'sint', 7729, 'Sequi inventore quis praesentium sunt porro est. Et quae sunt magnam omnis sit. Eos aut enim aspernatur repellat voluptas consequatur. Rerum perspiciatis autem molestiae labore quo quibusdam.', '1985-04-18 14:22:56', '2000-02-21 20:17:09');
INSERT INTO `media` (`id`, `media_type_id`, `user_id`, `filename`, `size`, `metadata`, `created_at`, `updated_at`) VALUES (3, 3, 3, 'dolore', 8076, 'Necessitatibus quas eligendi fuga atque reprehenderit id. Et sunt quis et reprehenderit exercitationem. Ut saepe ut voluptas excepturi velit omnis et.', '1978-05-17 02:11:45', '2015-03-29 14:27:14');
INSERT INTO `media` (`id`, `media_type_id`, `user_id`, `filename`, `size`, `metadata`, `created_at`, `updated_at`) VALUES (4, 4, 4, 'suscipit', 4919, 'Odit error animi et aut. Facere qui consequatur fugit natus ad quasi. Cum provident quis consequatur tempora suscipit sit qui.', '1990-03-11 07:33:25', '1989-06-07 18:46:18');
INSERT INTO `media` (`id`, `media_type_id`, `user_id`, `filename`, `size`, `metadata`, `created_at`, `updated_at`) VALUES (5, 5, 5, 'sed', 6476, 'Voluptas reiciendis perspiciatis error voluptates in aspernatur. Incidunt ea ex eum esse dolorum temporibus. Magnam quisquam nemo corporis voluptatibus saepe magnam. Sequi facere non sit ullam qui.', '1996-08-21 20:44:46', '2009-06-11 20:31:36');
INSERT INTO `media` (`id`, `media_type_id`, `user_id`, `filename`, `size`, `metadata`, `created_at`, `updated_at`) VALUES (6, 1, 6, 'sed', 6115, 'Sed voluptatem exercitationem nobis. Dolor veniam laboriosam et exercitationem quia voluptates tenetur. Veritatis ex numquam porro aut odit corporis magnam. Vel velit sapiente natus in.', '1999-10-29 19:16:02', '1972-06-28 11:07:17');
INSERT INTO `media` (`id`, `media_type_id`, `user_id`, `filename`, `size`, `metadata`, `created_at`, `updated_at`) VALUES (7, 2, 7, 'voluptatem', 6778, 'Rerum rerum tempore alias laudantium aperiam nesciunt ipsum autem. Quo dolorem beatae corporis facere. Ad aut sed earum maxime reiciendis. Vel animi occaecati accusantium ut.', '1979-04-26 15:48:56', '1982-06-11 15:05:22');
INSERT INTO `media` (`id`, `media_type_id`, `user_id`, `filename`, `size`, `metadata`, `created_at`, `updated_at`) VALUES (8, 3, 8, 'ut', 3425, 'Distinctio iure assumenda impedit amet consequatur velit qui. Et et deserunt cum impedit ipsam. Sint ex facere numquam sunt et.', '1991-04-07 02:01:25', '1991-06-01 15:57:14');
INSERT INTO `media` (`id`, `media_type_id`, `user_id`, `filename`, `size`, `metadata`, `created_at`, `updated_at`) VALUES (9, 4, 9, 'fugit', 4407, 'Voluptatem quisquam neque et illo voluptate. Neque rerum quisquam non et temporibus consectetur. Suscipit quaerat laborum nisi dolor non earum neque a.', '1998-08-16 10:18:54', '2015-06-16 04:39:14');
INSERT INTO `media` (`id`, `media_type_id`, `user_id`, `filename`, `size`, `metadata`, `created_at`, `updated_at`) VALUES (10, 5, 10, 'eos', 2803, 'Voluptatem nesciunt et consectetur magnam vel. Dolorem veritatis illo incidunt porro. Soluta voluptatem delectus suscipit modi ipsam est quisquam est.', '2012-02-15 17:03:56', '1993-06-30 06:29:58');
INSERT INTO `media` (`id`, `media_type_id`, `user_id`, `filename`, `size`, `metadata`, `created_at`, `updated_at`) VALUES (11, 1, 11, 'vitae', 2164, 'Esse voluptatum qui in expedita non praesentium. Velit sapiente reprehenderit corporis tempora quis sunt fugit. Et itaque velit corporis inventore qui. Consequuntur laboriosam velit assumenda.', '2005-10-08 01:08:00', '1985-07-13 13:12:28');
INSERT INTO `media` (`id`, `media_type_id`, `user_id`, `filename`, `size`, `metadata`, `created_at`, `updated_at`) VALUES (12, 2, 12, 'maxime', 8154, 'Quaerat saepe quidem excepturi hic. Vel magni sunt sit sit saepe dignissimos. Veritatis minus odio est delectus quasi non dicta. Cum animi aliquam nesciunt facere quia.', '1978-09-15 04:53:40', '1988-03-04 19:18:43');
INSERT INTO `media` (`id`, `media_type_id`, `user_id`, `filename`, `size`, `metadata`, `created_at`, `updated_at`) VALUES (13, 3, 13, 'aut', 6850, 'Excepturi non corrupti ut vitae fugit. Rem ipsum autem omnis fuga provident. Cupiditate tempora asperiores quo vel voluptatem labore id eos. Magni sint et architecto veniam et ut.', '1972-02-18 12:04:28', '1979-12-24 03:42:17');
INSERT INTO `media` (`id`, `media_type_id`, `user_id`, `filename`, `size`, `metadata`, `created_at`, `updated_at`) VALUES (14, 4, 14, 'molestiae', 8684, 'Qui corporis aliquid quia asperiores. Est velit autem et provident. Aliquam hic ipsam quibusdam modi error ea. Dolor in eius veritatis.', '2002-05-17 16:57:05', '1974-10-31 21:31:54');
INSERT INTO `media` (`id`, `media_type_id`, `user_id`, `filename`, `size`, `metadata`, `created_at`, `updated_at`) VALUES (15, 5, 15, 'sed', 5534, 'Expedita repellendus enim dolor nobis laboriosam. Laudantium rerum autem iure possimus. In cum natus est eligendi sunt. Rem ut aperiam provident amet magni odio a.', '1996-12-06 13:25:03', '1973-08-23 07:12:34');
INSERT INTO `media` (`id`, `media_type_id`, `user_id`, `filename`, `size`, `metadata`, `created_at`, `updated_at`) VALUES (16, 1, 16, 'fugiat', 7203, 'Magni odio beatae eum incidunt rem. Molestias sit ut autem nulla. Voluptatem nobis accusamus dolorem in optio. Nesciunt nihil officia saepe natus et. Magnam ducimus enim ut vitae non officiis.', '2006-11-07 22:02:07', '1987-04-20 07:06:01');
INSERT INTO `media` (`id`, `media_type_id`, `user_id`, `filename`, `size`, `metadata`, `created_at`, `updated_at`) VALUES (17, 2, 17, 'non', 878, 'Asperiores autem qui accusamus minus velit beatae. Ratione aut quia nihil expedita. Ratione veritatis rem animi voluptas deleniti vero.', '2003-01-21 08:22:38', '2016-07-23 19:02:01');
INSERT INTO `media` (`id`, `media_type_id`, `user_id`, `filename`, `size`, `metadata`, `created_at`, `updated_at`) VALUES (18, 3, 18, 'et', 1966, 'Aliquid eum ut corporis voluptatem. Doloremque nihil porro et ut illum laboriosam sit. Laboriosam possimus voluptate qui harum dolor qui.', '2000-09-27 03:16:30', '2007-07-27 15:55:02');
INSERT INTO `media` (`id`, `media_type_id`, `user_id`, `filename`, `size`, `metadata`, `created_at`, `updated_at`) VALUES (19, 4, 19, 'dignissimos', 6499, 'Dolores laborum consequatur adipisci nisi perferendis optio numquam voluptas. Quod quidem vitae rerum perspiciatis provident exercitationem ut. Voluptas quia cupiditate qui ipsam iure culpa sapiente.', '2007-08-16 21:14:52', '2014-01-03 01:29:59');
INSERT INTO `media` (`id`, `media_type_id`, `user_id`, `filename`, `size`, `metadata`, `created_at`, `updated_at`) VALUES (20, 5, 20, 'commodi', 7788, 'Eius similique quidem aliquid facilis voluptas eum. Ad deleniti quis eaque sed.', '2014-10-16 00:39:48', '2019-08-23 08:07:37');
INSERT INTO `media` (`id`, `media_type_id`, `user_id`, `filename`, `size`, `metadata`, `created_at`, `updated_at`) VALUES (21, 1, 21, 'exercitationem', 4941, 'In eum et aperiam hic magnam officiis rem. Sint officiis ullam iure maxime numquam. Aspernatur similique et dolore harum quia nam.', '2000-07-11 13:04:54', '1992-12-29 01:28:26');
INSERT INTO `media` (`id`, `media_type_id`, `user_id`, `filename`, `size`, `metadata`, `created_at`, `updated_at`) VALUES (22, 2, 22, 'nesciunt', 7841, 'Voluptatibus maxime qui eos dicta esse in. Est laborum ut voluptas vitae. Pariatur ratione dolor autem.', '1985-04-22 07:54:11', '1980-06-13 04:55:37');
INSERT INTO `media` (`id`, `media_type_id`, `user_id`, `filename`, `size`, `metadata`, `created_at`, `updated_at`) VALUES (23, 3, 23, 'sit', 122, 'Numquam labore iure numquam quibusdam quaerat nulla. Eligendi labore maxime consequatur et.', '2017-03-01 17:26:37', '1971-07-03 02:25:52');
INSERT INTO `media` (`id`, `media_type_id`, `user_id`, `filename`, `size`, `metadata`, `created_at`, `updated_at`) VALUES (24, 4, 24, 'quis', 8064, 'Vel temporibus ut in dolore in sed et asperiores. Maiores est eligendi amet non omnis. Sit magni ratione deserunt quibusdam quas in amet.', '2012-05-27 17:08:06', '1973-03-18 04:21:00');
INSERT INTO `media` (`id`, `media_type_id`, `user_id`, `filename`, `size`, `metadata`, `created_at`, `updated_at`) VALUES (25, 5, 25, 'sed', 6010, 'Et iste sint enim. Eum laborum dolor ducimus a.\nQuos laudantium et reiciendis nesciunt qui accusamus laudantium. Quidem eum quaerat quidem similique. Ut sint eos suscipit ullam facilis.', '1972-04-25 17:02:16', '1993-08-12 23:10:39');
INSERT INTO `media` (`id`, `media_type_id`, `user_id`, `filename`, `size`, `metadata`, `created_at`, `updated_at`) VALUES (26, 1, 26, 'perspiciatis', 4392, 'Omnis ipsa et nihil beatae et assumenda. Dicta veniam doloribus aut alias. Sed enim atque officia. Alias aut id aut unde aut voluptatibus.', '2015-12-20 05:47:26', '2011-02-26 11:21:42');
INSERT INTO `media` (`id`, `media_type_id`, `user_id`, `filename`, `size`, `metadata`, `created_at`, `updated_at`) VALUES (27, 2, 27, 'harum', 6009, 'Et dignissimos minima autem quia tempora at. Exercitationem ut beatae magni sunt. Eligendi ex quia ut reiciendis exercitationem blanditiis.', '1986-09-07 07:23:48', '1999-04-29 03:43:07');
INSERT INTO `media` (`id`, `media_type_id`, `user_id`, `filename`, `size`, `metadata`, `created_at`, `updated_at`) VALUES (28, 3, 28, 'fugit', 3716, 'Necessitatibus mollitia quisquam dolorum impedit. Aliquid in est aspernatur voluptatem. Debitis aut nisi neque culpa.', '1997-06-21 07:58:25', '1981-08-10 21:15:24');
INSERT INTO `media` (`id`, `media_type_id`, `user_id`, `filename`, `size`, `metadata`, `created_at`, `updated_at`) VALUES (29, 4, 29, 'et', 9924, 'Praesentium ad omnis voluptate corrupti unde provident. Dolor quod culpa consequatur eligendi non aut facilis. Omnis amet consequatur sed aperiam aut. Aut a inventore voluptatum maxime.', '1997-11-21 21:55:27', '1986-10-15 21:24:25');
INSERT INTO `media` (`id`, `media_type_id`, `user_id`, `filename`, `size`, `metadata`, `created_at`, `updated_at`) VALUES (30, 5, 30, 'culpa', 8965, 'Ea itaque et nam rerum libero. Molestiae ut dolore a non soluta. Distinctio voluptas quas reprehenderit a.', '2010-11-23 04:55:42', '1984-08-31 21:49:20');
INSERT INTO `media` (`id`, `media_type_id`, `user_id`, `filename`, `size`, `metadata`, `created_at`, `updated_at`) VALUES (31, 1, 31, 'omnis', 6372, 'Ad excepturi molestiae hic commodi ut ipsa. Cumque et et voluptatem adipisci explicabo alias. Qui recusandae veniam voluptate fugit. Vel exercitationem praesentium quia vel.', '1992-01-26 12:37:33', '2016-11-16 08:55:26');
INSERT INTO `media` (`id`, `media_type_id`, `user_id`, `filename`, `size`, `metadata`, `created_at`, `updated_at`) VALUES (32, 2, 32, 'dolorem', 4750, 'Labore rerum ducimus expedita maiores est. Nam quae dolor ad doloremque ut facere.', '1976-08-29 22:19:36', '1971-12-03 07:42:01');
INSERT INTO `media` (`id`, `media_type_id`, `user_id`, `filename`, `size`, `metadata`, `created_at`, `updated_at`) VALUES (33, 3, 33, 'ad', 5067, 'Et quo cum odit odio consectetur dolorem. Aut autem occaecati non quas quia. Voluptas consectetur tempore culpa. Totam magnam vel deleniti doloribus sed numquam distinctio.', '2004-07-29 09:06:15', '1995-02-28 20:51:55');
INSERT INTO `media` (`id`, `media_type_id`, `user_id`, `filename`, `size`, `metadata`, `created_at`, `updated_at`) VALUES (34, 4, 34, 'molestiae', 24, 'Dolore eius assumenda non deleniti consequatur nulla. Consectetur animi aut incidunt corporis aut.', '1978-04-08 12:26:28', '1992-09-14 19:51:30');
INSERT INTO `media` (`id`, `media_type_id`, `user_id`, `filename`, `size`, `metadata`, `created_at`, `updated_at`) VALUES (35, 5, 35, 'reprehenderit', 4564, 'Reiciendis nihil adipisci et qui ut. Hic quaerat sint porro asperiores sit. Aut soluta qui maxime similique reiciendis laboriosam quo.', '1986-09-13 22:58:56', '2014-02-01 22:48:29');
INSERT INTO `media` (`id`, `media_type_id`, `user_id`, `filename`, `size`, `metadata`, `created_at`, `updated_at`) VALUES (36, 1, 36, 'et', 2350, 'Exercitationem deleniti molestiae dolor est iste quasi. Quo assumenda rerum saepe qui aspernatur eligendi aut. Eligendi laborum ea et inventore aliquam.', '1987-11-01 05:48:06', '1991-01-09 08:47:08');
INSERT INTO `media` (`id`, `media_type_id`, `user_id`, `filename`, `size`, `metadata`, `created_at`, `updated_at`) VALUES (37, 2, 37, 'qui', 278, 'Eius quos aut accusantium vel. Neque fuga nisi nihil quas. Dolorem et nihil distinctio tenetur. Et modi incidunt quia ducimus voluptas odio.', '1992-03-17 11:44:24', '1982-01-13 07:55:12');
INSERT INTO `media` (`id`, `media_type_id`, `user_id`, `filename`, `size`, `metadata`, `created_at`, `updated_at`) VALUES (38, 3, 38, 'nesciunt', 8989, 'Nihil tempore id tenetur vitae. Atque minus asperiores dolorum sed. Facere et ipsa sunt dolores tenetur.', '1999-10-17 01:52:56', '2012-08-11 22:11:13');
INSERT INTO `media` (`id`, `media_type_id`, `user_id`, `filename`, `size`, `metadata`, `created_at`, `updated_at`) VALUES (39, 4, 39, 'ut', 18, 'Ut dolor quaerat voluptas in dolorem. Quidem eos ut laboriosam unde. Reiciendis quo sed nisi. Alias dolore tempora ut aut omnis id.', '1976-03-23 20:25:29', '2005-11-27 22:42:40');
INSERT INTO `media` (`id`, `media_type_id`, `user_id`, `filename`, `size`, `metadata`, `created_at`, `updated_at`) VALUES (40, 5, 40, 'ad', 1543, 'Et dolores quos dolorem quae itaque. Qui omnis ea et dolorem id. Expedita aut facere illum aspernatur vel ducimus. Voluptas unde culpa facilis.', '1972-03-15 01:11:02', '1976-04-28 03:47:26');
INSERT INTO `media` (`id`, `media_type_id`, `user_id`, `filename`, `size`, `metadata`, `created_at`, `updated_at`) VALUES (41, 1, 41, 'assumenda', 2961, 'Sed consectetur qui asperiores. Cum id id tempora velit numquam fugit. Autem tempore expedita corrupti odit rem.', '1989-07-22 14:29:57', '2019-09-20 05:20:29');
INSERT INTO `media` (`id`, `media_type_id`, `user_id`, `filename`, `size`, `metadata`, `created_at`, `updated_at`) VALUES (42, 2, 42, 'nisi', 797, 'Molestiae sunt sit id maxime in. Quos libero illum fuga ducimus at et. Aspernatur adipisci quidem ullam dicta dolores. Tempora in quo ut esse.', '2013-05-10 01:38:48', '1988-06-15 08:09:52');
INSERT INTO `media` (`id`, `media_type_id`, `user_id`, `filename`, `size`, `metadata`, `created_at`, `updated_at`) VALUES (43, 3, 43, 'perferendis', 1104, 'Aut quaerat et nihil harum tempora rerum accusamus. Illo maiores et est nesciunt sunt. Assumenda harum ut quia cum in possimus.', '1983-05-20 20:18:26', '1985-08-28 19:51:44');
INSERT INTO `media` (`id`, `media_type_id`, `user_id`, `filename`, `size`, `metadata`, `created_at`, `updated_at`) VALUES (44, 4, 44, 'aut', 4433, 'Error ea voluptatem voluptatem error odio. Maiores ipsa sit earum. Et vitae sequi fugiat dolores dolor veniam laboriosam.', '1993-10-01 01:45:18', '1995-12-14 23:38:09');
INSERT INTO `media` (`id`, `media_type_id`, `user_id`, `filename`, `size`, `metadata`, `created_at`, `updated_at`) VALUES (45, 5, 45, 'velit', 3896, 'Quasi et mollitia odit. Porro sequi incidunt accusamus optio. Sit dolores nihil numquam.', '1999-02-23 21:30:21', '2015-01-31 19:58:53');
INSERT INTO `media` (`id`, `media_type_id`, `user_id`, `filename`, `size`, `metadata`, `created_at`, `updated_at`) VALUES (46, 1, 46, 'tempore', 4652, 'Quisquam et ut odit et quos vel ipsum. Quia aliquid dolorem aliquid voluptas labore omnis qui. Expedita quasi et quia molestiae quo. Quidem voluptas et et quia alias ad ut.', '2004-11-21 09:38:30', '2015-09-17 15:34:20');
INSERT INTO `media` (`id`, `media_type_id`, `user_id`, `filename`, `size`, `metadata`, `created_at`, `updated_at`) VALUES (47, 2, 47, 'natus', 9454, 'Ut temporibus eius debitis ratione corrupti at ipsam rem. Vel et voluptatem eaque quos molestiae. Assumenda autem aut sint dolores. Est minus dignissimos sit.', '1989-11-19 12:59:54', '1997-08-13 09:36:48');
INSERT INTO `media` (`id`, `media_type_id`, `user_id`, `filename`, `size`, `metadata`, `created_at`, `updated_at`) VALUES (48, 3, 48, 'dolorum', 918, 'Aut aut consectetur voluptates. Recusandae non mollitia perferendis eos perferendis magni dolores. Quo repellendus ipsum nulla sequi.', '2000-05-13 06:35:48', '1991-12-19 12:32:52');
INSERT INTO `media` (`id`, `media_type_id`, `user_id`, `filename`, `size`, `metadata`, `created_at`, `updated_at`) VALUES (49, 4, 49, 'accusamus', 9930, 'Qui hic enim expedita voluptas est impedit. Sit accusamus eligendi est blanditiis dolores. Cupiditate veniam cupiditate libero nam debitis animi facilis. Id sapiente et assumenda.', '1986-05-27 23:37:02', '1985-12-12 04:55:10');
INSERT INTO `media` (`id`, `media_type_id`, `user_id`, `filename`, `size`, `metadata`, `created_at`, `updated_at`) VALUES (50, 5, 50, 'officia', 1280, 'A ut eos velit aut et voluptatem. Corporis laboriosam iure illum recusandae quia. A voluptatem nisi tempore dolore voluptate. Voluptatibus voluptatem libero quidem tempore laboriosam autem voluptas.', '1997-03-29 11:27:32', '1976-09-23 21:08:49');
INSERT INTO `media` (`id`, `media_type_id`, `user_id`, `filename`, `size`, `metadata`, `created_at`, `updated_at`) VALUES (51, 1, 51, 'accusantium', 2610, 'Sint pariatur sed culpa tempora voluptate est. Deserunt error aut hic dolores. Exercitationem voluptas molestiae occaecati magnam dolor voluptas.', '1997-09-19 11:26:51', '1982-03-14 05:11:44');
INSERT INTO `media` (`id`, `media_type_id`, `user_id`, `filename`, `size`, `metadata`, `created_at`, `updated_at`) VALUES (52, 2, 52, 'consequuntur', 7662, 'Voluptatem autem libero consectetur ut quia aut ut. Veritatis quibusdam unde magnam iste eius et dolore. Fugit consequatur ut sit cupiditate enim vel.', '1999-11-11 21:16:13', '1971-11-19 23:04:02');
INSERT INTO `media` (`id`, `media_type_id`, `user_id`, `filename`, `size`, `metadata`, `created_at`, `updated_at`) VALUES (53, 3, 53, 'odit', 9473, 'Cum debitis ab ex quo aperiam rerum autem sit. Praesentium neque laboriosam maxime aut in.', '1991-11-20 13:43:33', '2001-08-28 02:46:16');
INSERT INTO `media` (`id`, `media_type_id`, `user_id`, `filename`, `size`, `metadata`, `created_at`, `updated_at`) VALUES (54, 4, 54, 'rerum', 1716, 'Voluptatem aut amet eos fugiat. Sed unde quaerat tenetur mollitia facere repellat. Reprehenderit libero rerum minus.', '2017-10-06 15:55:10', '1977-01-13 10:02:17');
INSERT INTO `media` (`id`, `media_type_id`, `user_id`, `filename`, `size`, `metadata`, `created_at`, `updated_at`) VALUES (55, 5, 55, 'aliquam', 8535, 'Ipsam eos illo autem sed. Dolore sit est est rerum eum vero inventore. Ad porro ut architecto qui quos et. Magnam id sequi pariatur ea.', '2012-05-26 12:05:54', '1986-05-08 06:42:25');
INSERT INTO `media` (`id`, `media_type_id`, `user_id`, `filename`, `size`, `metadata`, `created_at`, `updated_at`) VALUES (56, 1, 56, 'adipisci', 6367, 'Fugit rerum nemo est eveniet unde nemo facere. Consequuntur quia expedita aut non. Iure culpa libero quam.', '1982-08-21 18:43:28', '2001-02-20 11:54:43');
INSERT INTO `media` (`id`, `media_type_id`, `user_id`, `filename`, `size`, `metadata`, `created_at`, `updated_at`) VALUES (57, 2, 57, 'quia', 7730, 'Maiores vero architecto qui quos. Saepe eum architecto eius corporis qui mollitia molestiae. Aliquid autem aut odio est reiciendis quia et. Nam rerum at placeat sit quisquam.', '2004-04-13 20:43:12', '1996-04-03 02:00:11');
INSERT INTO `media` (`id`, `media_type_id`, `user_id`, `filename`, `size`, `metadata`, `created_at`, `updated_at`) VALUES (58, 3, 58, 'necessitatibus', 1354, 'Mollitia et quas ipsam cum itaque. Minima quae natus laudantium quo eaque. Ullam totam ducimus dolore earum.', '2016-08-01 21:16:23', '2006-04-12 06:24:23');
INSERT INTO `media` (`id`, `media_type_id`, `user_id`, `filename`, `size`, `metadata`, `created_at`, `updated_at`) VALUES (59, 4, 59, 'natus', 209, 'Enim voluptatem dolor eum consectetur dolorum. Praesentium est dolorem quos quo distinctio. Et iste quo adipisci debitis ipsa cum qui. Et et asperiores dolores ullam non alias vitae.', '1983-01-13 11:16:54', '1978-03-03 21:44:27');
INSERT INTO `media` (`id`, `media_type_id`, `user_id`, `filename`, `size`, `metadata`, `created_at`, `updated_at`) VALUES (60, 5, 60, 'nulla', 6357, 'Quam esse maiores dignissimos quasi. Qui ratione doloribus eos corrupti voluptatem eveniet nostrum. Excepturi quod doloribus voluptatum voluptatem.', '2002-11-29 22:55:07', '1996-11-09 19:05:35');
INSERT INTO `media` (`id`, `media_type_id`, `user_id`, `filename`, `size`, `metadata`, `created_at`, `updated_at`) VALUES (61, 1, 61, 'ullam', 1822, 'Eius eum veritatis debitis enim blanditiis. Accusamus vero odit suscipit at iste quis. Ab perferendis minima eaque.', '2002-08-22 06:17:34', '1997-11-02 12:46:25');
INSERT INTO `media` (`id`, `media_type_id`, `user_id`, `filename`, `size`, `metadata`, `created_at`, `updated_at`) VALUES (62, 2, 62, 'aut', 9653, 'Sed et non in sit id. Provident rem magnam iste. Iusto corrupti culpa explicabo debitis.', '1985-04-27 17:29:17', '2015-02-05 03:49:15');
INSERT INTO `media` (`id`, `media_type_id`, `user_id`, `filename`, `size`, `metadata`, `created_at`, `updated_at`) VALUES (63, 3, 63, 'qui', 956, 'A et vel maxime. Pariatur tenetur corrupti veritatis pariatur. Est quibusdam adipisci sed autem voluptatum.', '1988-04-17 16:38:26', '2004-03-19 02:02:04');
INSERT INTO `media` (`id`, `media_type_id`, `user_id`, `filename`, `size`, `metadata`, `created_at`, `updated_at`) VALUES (64, 4, 64, 'harum', 6290, 'Ipsam impedit repudiandae quia distinctio. Sint laborum itaque saepe. Sit optio assumenda magni quo saepe aspernatur quo.', '1970-07-12 22:20:03', '2019-04-24 17:26:51');
INSERT INTO `media` (`id`, `media_type_id`, `user_id`, `filename`, `size`, `metadata`, `created_at`, `updated_at`) VALUES (65, 5, 65, 'ipsa', 9309, 'Quis et corrupti dolorum perferendis rerum. Consequatur sed ullam odit sint aut autem delectus. Asperiores laborum eos voluptatem animi similique dolorem.', '2010-05-24 22:40:29', '2005-01-31 23:36:40');
INSERT INTO `media` (`id`, `media_type_id`, `user_id`, `filename`, `size`, `metadata`, `created_at`, `updated_at`) VALUES (66, 1, 66, 'voluptatum', 6063, 'Ipsa eum possimus modi minus corrupti et sapiente aliquam. Officiis voluptatem magnam et est ducimus. Quas esse perferendis nesciunt. Eligendi ut voluptatem culpa natus facere.', '1973-12-16 12:44:15', '1971-09-06 16:37:09');
INSERT INTO `media` (`id`, `media_type_id`, `user_id`, `filename`, `size`, `metadata`, `created_at`, `updated_at`) VALUES (67, 2, 67, 'ut', 9900, 'Et et nostrum unde sed. Veritatis voluptatem dolore unde exercitationem. Voluptas tempore fuga in perferendis ducimus molestiae ipsum dolor. Odit qui molestias voluptates aut cum tempora.', '2014-10-30 21:57:26', '2019-10-13 12:40:08');
INSERT INTO `media` (`id`, `media_type_id`, `user_id`, `filename`, `size`, `metadata`, `created_at`, `updated_at`) VALUES (68, 3, 68, 'voluptatum', 4760, 'Qui et hic asperiores provident et. Ut perspiciatis voluptate omnis molestiae voluptatum. Vero iure et voluptas reprehenderit et.', '1980-03-09 02:27:34', '1986-12-15 15:04:08');
INSERT INTO `media` (`id`, `media_type_id`, `user_id`, `filename`, `size`, `metadata`, `created_at`, `updated_at`) VALUES (69, 4, 69, 'voluptatem', 2673, 'Magnam quia consequatur autem laudantium illo fuga. Cum sed consectetur quaerat nobis. Quia earum voluptas praesentium expedita consequuntur doloribus.', '1985-11-02 13:55:42', '1985-03-21 04:21:51');
INSERT INTO `media` (`id`, `media_type_id`, `user_id`, `filename`, `size`, `metadata`, `created_at`, `updated_at`) VALUES (70, 5, 70, 'vitae', 6340, 'Ipsa ut optio deleniti est eius nihil eligendi. Velit rem optio repellendus eos expedita rerum. Ea nihil ipsam nihil maiores.', '1986-06-01 05:37:06', '2011-01-09 05:23:42');
INSERT INTO `media` (`id`, `media_type_id`, `user_id`, `filename`, `size`, `metadata`, `created_at`, `updated_at`) VALUES (71, 1, 71, 'temporibus', 7618, 'Consequatur voluptatem tempore unde aliquam. Sunt sint qui quos exercitationem facilis.', '2000-02-20 05:45:51', '1994-02-11 05:42:52');
INSERT INTO `media` (`id`, `media_type_id`, `user_id`, `filename`, `size`, `metadata`, `created_at`, `updated_at`) VALUES (72, 2, 72, 'cum', 3075, 'Ut alias omnis quam repudiandae. Quos consequatur nisi eveniet aut blanditiis. Voluptate exercitationem et iste.', '1989-04-11 04:20:11', '1989-03-17 17:19:55');
INSERT INTO `media` (`id`, `media_type_id`, `user_id`, `filename`, `size`, `metadata`, `created_at`, `updated_at`) VALUES (73, 3, 73, 'libero', 9146, 'Fuga beatae dicta quibusdam numquam nesciunt. Tempore ut alias id distinctio molestias soluta aut quis. Esse optio necessitatibus nemo temporibus. Et iure possimus enim ipsam.', '1980-09-05 00:44:57', '1971-12-30 23:58:06');
INSERT INTO `media` (`id`, `media_type_id`, `user_id`, `filename`, `size`, `metadata`, `created_at`, `updated_at`) VALUES (74, 4, 74, 'provident', 6235, 'Adipisci illo voluptatem unde laboriosam neque eaque. Exercitationem fuga totam veniam optio deserunt sit. Ut qui perferendis error aut cum. Repellendus dicta architecto in officia odit.', '1981-02-12 02:16:47', '1993-08-05 05:51:03');
INSERT INTO `media` (`id`, `media_type_id`, `user_id`, `filename`, `size`, `metadata`, `created_at`, `updated_at`) VALUES (75, 5, 75, 'voluptatum', 4060, 'Sint optio quaerat beatae. Non eaque exercitationem odit perferendis non voluptates minus sit. Nobis neque nihil dolorum.', '1980-09-21 05:13:46', '1999-09-15 07:50:02');
INSERT INTO `media` (`id`, `media_type_id`, `user_id`, `filename`, `size`, `metadata`, `created_at`, `updated_at`) VALUES (76, 1, 76, 'ex', 2822, 'Quia consequatur sed est natus. Maxime cumque voluptatem ad dignissimos. Et in ea officia qui fugit est cupiditate. Corporis aut accusantium repellat ullam dolore necessitatibus repellendus.', '1989-10-01 17:35:09', '1998-08-04 05:29:05');
INSERT INTO `media` (`id`, `media_type_id`, `user_id`, `filename`, `size`, `metadata`, `created_at`, `updated_at`) VALUES (77, 2, 77, 'ut', 7973, 'Sunt dolorem fuga esse inventore. Sit ea veritatis maxime et et. Perferendis temporibus quam expedita quidem qui consequatur at.', '1981-05-25 05:27:39', '1998-05-13 00:40:32');
INSERT INTO `media` (`id`, `media_type_id`, `user_id`, `filename`, `size`, `metadata`, `created_at`, `updated_at`) VALUES (78, 3, 78, 'minus', 4335, 'Iusto voluptas praesentium voluptatibus iure esse velit. Dolorem accusantium hic rem rerum.', '2016-06-13 12:34:05', '2001-08-25 17:46:02');
INSERT INTO `media` (`id`, `media_type_id`, `user_id`, `filename`, `size`, `metadata`, `created_at`, `updated_at`) VALUES (79, 4, 79, 'et', 8412, 'Eligendi temporibus mollitia consequuntur ut dolores maiores. Molestiae iste rem est architecto quis aut qui. Similique hic voluptatem voluptate aliquid.', '2010-05-10 07:48:04', '1975-03-09 09:57:58');
INSERT INTO `media` (`id`, `media_type_id`, `user_id`, `filename`, `size`, `metadata`, `created_at`, `updated_at`) VALUES (80, 5, 80, 'nostrum', 9271, 'Distinctio suscipit molestiae aut illum. Maxime est rerum autem voluptates ipsam omnis. Nisi ut ut et voluptas. Dolores nisi sed eos est necessitatibus accusantium.', '1973-05-20 03:30:26', '1993-09-06 14:20:48');
INSERT INTO `media` (`id`, `media_type_id`, `user_id`, `filename`, `size`, `metadata`, `created_at`, `updated_at`) VALUES (81, 1, 81, 'est', 9247, 'Omnis et enim libero nam. Consequatur voluptatibus aut itaque ut sequi neque quia recusandae. Blanditiis explicabo consequuntur dolore voluptatem voluptas doloremque.', '1980-10-02 12:29:42', '2008-10-06 08:08:40');
INSERT INTO `media` (`id`, `media_type_id`, `user_id`, `filename`, `size`, `metadata`, `created_at`, `updated_at`) VALUES (82, 2, 82, 'fugit', 4706, 'Aut occaecati repellendus illum iure nisi. Esse voluptas aperiam nihil. Quo quas quos iure aut cum. Et molestiae architecto quia eos.', '1972-12-17 03:18:14', '1998-12-04 19:29:53');
INSERT INTO `media` (`id`, `media_type_id`, `user_id`, `filename`, `size`, `metadata`, `created_at`, `updated_at`) VALUES (83, 3, 83, 'nulla', 9547, 'Aspernatur commodi officiis consequatur iusto. Quas quod quis placeat omnis consequatur iure aut quia. Ut et soluta dolore corporis sunt non. Officiis laborum quod et sapiente eius.', '1991-01-22 07:30:43', '1985-06-03 09:31:01');
INSERT INTO `media` (`id`, `media_type_id`, `user_id`, `filename`, `size`, `metadata`, `created_at`, `updated_at`) VALUES (84, 4, 84, 'magni', 5384, 'Consequatur similique dicta ab est est distinctio asperiores maiores. Deleniti id velit quaerat autem aliquid debitis dolor.', '1988-03-24 20:37:39', '1986-06-25 02:59:51');
INSERT INTO `media` (`id`, `media_type_id`, `user_id`, `filename`, `size`, `metadata`, `created_at`, `updated_at`) VALUES (85, 5, 85, 'aliquid', 5456, 'Explicabo deleniti aspernatur ipsum sapiente. Dolores facilis et odio id. Qui cupiditate aliquid ab qui. Et adipisci odit dolore.', '1990-08-22 10:13:08', '2012-09-24 15:01:42');
INSERT INTO `media` (`id`, `media_type_id`, `user_id`, `filename`, `size`, `metadata`, `created_at`, `updated_at`) VALUES (86, 1, 86, 'aliquid', 9654, 'Rem qui ipsum assumenda architecto qui perspiciatis. Reiciendis id pariatur molestias et rerum. Voluptatibus ut qui id unde. Distinctio iste ea qui temporibus.', '1972-12-23 14:03:54', '1976-10-16 02:41:16');
INSERT INTO `media` (`id`, `media_type_id`, `user_id`, `filename`, `size`, `metadata`, `created_at`, `updated_at`) VALUES (87, 2, 87, 'enim', 6338, 'Dolores ducimus deleniti rem impedit excepturi nisi corrupti veniam. Sint nihil facere rerum ut voluptatem quasi. Et illum odio ut voluptas veritatis quo.', '1988-12-07 13:33:04', '2000-08-08 03:57:40');
INSERT INTO `media` (`id`, `media_type_id`, `user_id`, `filename`, `size`, `metadata`, `created_at`, `updated_at`) VALUES (88, 3, 88, 'delectus', 9020, 'Nesciunt deleniti placeat qui eum expedita non dolores quia. A qui animi tenetur itaque consequatur. Sit illum qui accusantium fuga. Amet fuga dicta sunt dignissimos.', '1982-05-31 23:03:51', '1993-01-18 19:59:45');
INSERT INTO `media` (`id`, `media_type_id`, `user_id`, `filename`, `size`, `metadata`, `created_at`, `updated_at`) VALUES (89, 4, 89, 'repellat', 5087, 'Sed expedita quaerat ut quibusdam. Natus sit velit cum consequuntur fugit eveniet totam voluptatum. Nihil sit consectetur voluptatibus eos at.', '1979-04-06 22:35:04', '2016-02-19 05:17:07');
INSERT INTO `media` (`id`, `media_type_id`, `user_id`, `filename`, `size`, `metadata`, `created_at`, `updated_at`) VALUES (90, 5, 90, 'qui', 3714, 'Assumenda aperiam perferendis quidem accusantium eos pariatur. Quis magnam et quas nemo hic harum id. Odit tenetur eaque qui unde. Nam omnis tenetur ratione expedita.', '1999-06-01 15:27:23', '2015-08-24 19:26:51');
INSERT INTO `media` (`id`, `media_type_id`, `user_id`, `filename`, `size`, `metadata`, `created_at`, `updated_at`) VALUES (91, 1, 91, 'sed', 1809, 'Blanditiis impedit sequi quasi qui dignissimos ab. Omnis qui maxime accusantium ut. Est modi esse nemo autem ad placeat tenetur. Et voluptates velit id est quae ut corporis.', '1977-06-25 01:53:01', '2013-06-28 12:20:05');
INSERT INTO `media` (`id`, `media_type_id`, `user_id`, `filename`, `size`, `metadata`, `created_at`, `updated_at`) VALUES (92, 2, 92, 'voluptates', 3174, 'Accusantium quo id omnis eligendi quo. Non dolores voluptate ab qui delectus quam similique. Veniam quis et facilis consequatur. Pariatur quis nostrum ex cum autem.', '2019-01-12 13:34:28', '1981-03-16 09:34:28');
INSERT INTO `media` (`id`, `media_type_id`, `user_id`, `filename`, `size`, `metadata`, `created_at`, `updated_at`) VALUES (93, 3, 93, 'fugit', 2699, 'Et aut nostrum inventore repudiandae quam quasi sed. Ipsa aut eos tempora possimus. Enim quod perspiciatis dolor iste laborum quisquam autem eius.', '2000-06-07 06:10:05', '1980-04-30 15:41:33');
INSERT INTO `media` (`id`, `media_type_id`, `user_id`, `filename`, `size`, `metadata`, `created_at`, `updated_at`) VALUES (94, 4, 94, 'autem', 1467, 'Eum provident neque provident adipisci. Vel molestias dolorum ipsam recusandae soluta earum. Omnis accusamus tempora sequi est. Qui et est quasi dolorem deleniti.', '2015-09-19 12:39:29', '1983-04-17 02:56:41');
INSERT INTO `media` (`id`, `media_type_id`, `user_id`, `filename`, `size`, `metadata`, `created_at`, `updated_at`) VALUES (95, 5, 95, 'maiores', 8226, 'Sapiente inventore est atque voluptatem earum. Et fuga natus quo omnis odit. Placeat dolor qui et. Ullam debitis et alias quam a.', '2018-07-17 22:01:23', '2001-02-11 01:45:44');
INSERT INTO `media` (`id`, `media_type_id`, `user_id`, `filename`, `size`, `metadata`, `created_at`, `updated_at`) VALUES (96, 1, 96, 'ea', 3290, 'Cumque tenetur veritatis mollitia vel. Quas neque sunt molestiae qui animi sequi aut ut.', '1988-09-28 01:36:29', '1973-04-05 13:04:35');
INSERT INTO `media` (`id`, `media_type_id`, `user_id`, `filename`, `size`, `metadata`, `created_at`, `updated_at`) VALUES (97, 2, 97, 'distinctio', 154, 'Atque excepturi velit neque. Consectetur assumenda qui voluptates hic. Et quos nostrum corporis dolor eos dicta corporis dolor. Et quos tenetur suscipit voluptate eum rerum praesentium dolores.', '1985-08-16 21:12:41', '2007-11-06 12:01:18');
INSERT INTO `media` (`id`, `media_type_id`, `user_id`, `filename`, `size`, `metadata`, `created_at`, `updated_at`) VALUES (98, 3, 98, 'cupiditate', 1293, 'Sed iure officiis nostrum culpa. Id quasi ad earum enim facere eaque. Vel corporis odio necessitatibus cumque quasi reprehenderit labore magni.', '1986-07-16 22:59:54', '1973-03-26 19:16:07');
INSERT INTO `media` (`id`, `media_type_id`, `user_id`, `filename`, `size`, `metadata`, `created_at`, `updated_at`) VALUES (99, 4, 99, 'reprehenderit', 8491, 'Possimus atque aspernatur quibusdam sint dolores. Repellendus sit voluptates placeat. Sit tenetur est vero esse quibusdam. A perspiciatis et aut aut fugiat ullam voluptas.', '2003-05-21 16:52:28', '2002-11-25 05:23:30');
INSERT INTO `media` (`id`, `media_type_id`, `user_id`, `filename`, `size`, `metadata`, `created_at`, `updated_at`) VALUES (100, 5, 100, 'ut', 417, 'Enim dolorum sit et consequatur dolores. Aperiam qui voluptas consectetur. Deserunt aut neque laborum ullam molestiae aut tenetur. Accusantium ex voluptatem vitae sequi quasi.', '1993-12-31 09:53:10', '1990-08-08 15:28:26');


#
# TABLE STRUCTURE FOR: media_types
#

DROP TABLE IF EXISTS `media_types`;

CREATE TABLE `media_types` (
  `id` int(10) unsigned NOT NULL AUTO_INCREMENT,
  `name` varchar(255) COLLATE utf8_unicode_ci NOT NULL,
  PRIMARY KEY (`id`),
  UNIQUE KEY `name` (`name`)
) ENGINE=InnoDB AUTO_INCREMENT=6 DEFAULT CHARSET=utf8 COLLATE=utf8_unicode_ci;

INSERT INTO `media_types` (`id`, `name`) VALUES (1, 'aliquid');
INSERT INTO `media_types` (`id`, `name`) VALUES (5, 'aspernatur');
INSERT INTO `media_types` (`id`, `name`) VALUES (4, 'beatae');
INSERT INTO `media_types` (`id`, `name`) VALUES (3, 'et');
INSERT INTO `media_types` (`id`, `name`) VALUES (2, 'voluptatum');


#
# TABLE STRUCTURE FOR: messages
#

DROP TABLE IF EXISTS `messages`;

CREATE TABLE `messages` (
  `id` int(10) unsigned NOT NULL AUTO_INCREMENT,
  `from_user_id` int(10) unsigned NOT NULL,
  `to_user_id` int(10) unsigned NOT NULL,
  `body` text COLLATE utf8_unicode_ci NOT NULL,
  `is_important` tinyint(1) DEFAULT NULL,
  `is_delivered` tinyint(1) DEFAULT NULL,
  `created_at` datetime DEFAULT current_timestamp(),
  PRIMARY KEY (`id`)
) ENGINE=InnoDB AUTO_INCREMENT=101 DEFAULT CHARSET=utf8 COLLATE=utf8_unicode_ci;

INSERT INTO `messages` (`id`, `from_user_id`, `to_user_id`, `body`, `is_important`, `is_delivered`, `created_at`) VALUES (1, 65, 33, 'A quasi accusantium aperiam dolores non. Maiores non omnis esse alias distinctio. Quae quas nulla facilis. Aliquid reprehenderit officiis reprehenderit mollitia sint aut voluptas.', 1, 0, '1982-04-22 18:56:22');
INSERT INTO `messages` (`id`, `from_user_id`, `to_user_id`, `body`, `is_important`, `is_delivered`, `created_at`) VALUES (2, 30, 51, 'Aperiam dolore ullam accusantium. Magnam laboriosam in cupiditate maxime. Dolor unde provident vel quas.', 1, 1, '1985-03-03 01:42:07');
INSERT INTO `messages` (`id`, `from_user_id`, `to_user_id`, `body`, `is_important`, `is_delivered`, `created_at`) VALUES (3, 11, 33, 'Quia qui dolorem pariatur accusamus in voluptatem quo. Quas sit facere amet est esse qui quidem ea. Aperiam aut voluptas sed nihil dolor.', 0, 0, '2004-10-17 02:56:03');
INSERT INTO `messages` (`id`, `from_user_id`, `to_user_id`, `body`, `is_important`, `is_delivered`, `created_at`) VALUES (4, 24, 37, 'Voluptate est et ullam voluptatem blanditiis recusandae aut pariatur. Omnis maxime et facilis enim vitae. Illo dolorem amet temporibus nihil. Consequatur eius blanditiis accusamus amet eveniet ipsum.', 1, 1, '1981-06-22 10:24:54');
INSERT INTO `messages` (`id`, `from_user_id`, `to_user_id`, `body`, `is_important`, `is_delivered`, `created_at`) VALUES (5, 72, 79, 'Sint sit voluptates quis dolorem maxime quas. Enim et facilis earum. Ipsam ut temporibus odit temporibus dicta.', 0, 0, '1997-09-21 03:33:00');
INSERT INTO `messages` (`id`, `from_user_id`, `to_user_id`, `body`, `is_important`, `is_delivered`, `created_at`) VALUES (6, 13, 47, 'Quidem praesentium est minus officiis veritatis nihil quae enim. Ea non quaerat laboriosam molestiae soluta. Corporis optio dicta eos autem quisquam voluptate et consectetur.', 0, 1, '1996-12-10 05:20:54');
INSERT INTO `messages` (`id`, `from_user_id`, `to_user_id`, `body`, `is_important`, `is_delivered`, `created_at`) VALUES (7, 28, 78, 'Quos ipsa laudantium expedita omnis sunt sint. Quia quia doloribus pariatur culpa. Accusantium repudiandae laborum maiores eos quo sit est ex.', 1, 0, '1992-01-29 06:00:35');
INSERT INTO `messages` (`id`, `from_user_id`, `to_user_id`, `body`, `is_important`, `is_delivered`, `created_at`) VALUES (8, 40, 55, 'Possimus omnis et aut nulla mollitia quaerat alias. Quia labore nulla quo sit qui nam voluptatibus. Fugit laborum aperiam consequatur aut voluptatem vel reiciendis voluptatem. Itaque est corporis quo odit ipsum.', 0, 1, '2004-04-01 04:04:33');
INSERT INTO `messages` (`id`, `from_user_id`, `to_user_id`, `body`, `is_important`, `is_delivered`, `created_at`) VALUES (9, 77, 27, 'Esse sit nihil tempore deserunt. Quaerat autem adipisci nemo doloremque voluptatem molestiae voluptas asperiores. Vel et qui molestiae voluptatibus nostrum. Natus quod non vel aut.', 0, 0, '1974-04-21 04:35:58');
INSERT INTO `messages` (`id`, `from_user_id`, `to_user_id`, `body`, `is_important`, `is_delivered`, `created_at`) VALUES (10, 65, 49, 'Aut omnis magnam in nihil nemo voluptatem. Eum voluptatem dicta et et ipsam ducimus rerum ex. Eius suscipit dolor exercitationem ut quia itaque. Ipsa voluptatem excepturi debitis.', 0, 0, '1997-01-20 15:40:44');
INSERT INTO `messages` (`id`, `from_user_id`, `to_user_id`, `body`, `is_important`, `is_delivered`, `created_at`) VALUES (11, 67, 86, 'Aut officiis accusantium nesciunt sit. Sunt inventore eius minus architecto ipsam nesciunt quis. Unde ut consectetur autem qui ullam repellendus rem.', 1, 1, '1977-07-03 23:35:26');
INSERT INTO `messages` (`id`, `from_user_id`, `to_user_id`, `body`, `is_important`, `is_delivered`, `created_at`) VALUES (12, 80, 68, 'Eaque officiis enim minus dignissimos deleniti sit. Labore commodi id et rerum fuga tempore. Velit amet expedita ex qui sunt omnis id. Et et odit et vel aut est.', 1, 0, '1995-08-14 05:51:36');
INSERT INTO `messages` (`id`, `from_user_id`, `to_user_id`, `body`, `is_important`, `is_delivered`, `created_at`) VALUES (13, 60, 91, 'Nam quod perspiciatis quo quia eum. Aliquam porro consectetur animi eos. Consequatur sit magnam consequatur voluptatem quisquam.', 0, 1, '1997-02-19 05:07:48');
INSERT INTO `messages` (`id`, `from_user_id`, `to_user_id`, `body`, `is_important`, `is_delivered`, `created_at`) VALUES (14, 25, 52, 'Exercitationem nobis ex similique reiciendis aut molestiae. Impedit asperiores dolorem ut est qui in. Ad vero id fugiat eos.', 1, 1, '1971-02-19 13:23:46');
INSERT INTO `messages` (`id`, `from_user_id`, `to_user_id`, `body`, `is_important`, `is_delivered`, `created_at`) VALUES (15, 28, 79, 'Dolore earum voluptas a et nulla labore et. Magni non tempore in corrupti. Voluptatem molestiae delectus eos nam tempore cum. Aut ipsum iste quia ipsam fuga voluptates sed.', 1, 1, '1986-02-24 02:19:01');
INSERT INTO `messages` (`id`, `from_user_id`, `to_user_id`, `body`, `is_important`, `is_delivered`, `created_at`) VALUES (16, 74, 76, 'Eveniet maiores sed distinctio ipsam quisquam sapiente qui. Voluptate excepturi soluta accusamus. Nobis unde voluptas accusamus doloremque quia.', 1, 0, '1987-11-17 15:55:34');
INSERT INTO `messages` (`id`, `from_user_id`, `to_user_id`, `body`, `is_important`, `is_delivered`, `created_at`) VALUES (17, 58, 67, 'Voluptas libero dolore assumenda nesciunt. Non et et sed aut voluptatem explicabo mollitia. Quia totam ea voluptatem eos asperiores. Id fugit quod suscipit autem. Autem a autem doloribus porro illo eveniet.', 0, 1, '1983-10-13 21:55:00');
INSERT INTO `messages` (`id`, `from_user_id`, `to_user_id`, `body`, `is_important`, `is_delivered`, `created_at`) VALUES (18, 77, 40, 'Occaecati ab debitis quis velit dolorum modi nostrum. Excepturi tempore esse ut dolorem est fugiat suscipit. Repellat sapiente officiis excepturi ut in. Nihil impedit aut voluptatem ipsum.', 0, 1, '1996-09-16 15:37:09');
INSERT INTO `messages` (`id`, `from_user_id`, `to_user_id`, `body`, `is_important`, `is_delivered`, `created_at`) VALUES (19, 46, 16, 'Quia labore molestias voluptatibus excepturi ipsum assumenda natus. Qui est aut eius in voluptates praesentium nulla. Provident sequi sit sint eveniet.', 1, 0, '2002-05-26 01:42:10');
INSERT INTO `messages` (`id`, `from_user_id`, `to_user_id`, `body`, `is_important`, `is_delivered`, `created_at`) VALUES (20, 23, 79, 'Architecto ad itaque perferendis dolor nihil reiciendis adipisci amet. Delectus qui eaque pariatur et et. Et ut rerum itaque at.', 1, 1, '2012-09-20 22:54:27');
INSERT INTO `messages` (`id`, `from_user_id`, `to_user_id`, `body`, `is_important`, `is_delivered`, `created_at`) VALUES (21, 73, 62, 'Aut quae consectetur sed tempora in voluptas. Ducimus architecto sequi perferendis. Rerum omnis dignissimos autem voluptatum id quis consequatur. Ut laudantium voluptatum ut similique qui non tempora.', 0, 1, '1998-07-03 15:57:48');
INSERT INTO `messages` (`id`, `from_user_id`, `to_user_id`, `body`, `is_important`, `is_delivered`, `created_at`) VALUES (22, 94, 79, 'Et quo repellat asperiores aut et tempore debitis. Labore iure esse quisquam et. Aliquam est voluptas enim atque.', 0, 0, '1999-03-13 09:41:41');
INSERT INTO `messages` (`id`, `from_user_id`, `to_user_id`, `body`, `is_important`, `is_delivered`, `created_at`) VALUES (23, 46, 62, 'Sed rerum ab voluptatem quo nobis. Veniam delectus molestias ipsa laborum molestias voluptas nostrum. Consequuntur quibusdam saepe consequatur inventore et ipsam sed. Et illo omnis ad.', 0, 1, '2019-03-04 08:11:43');
INSERT INTO `messages` (`id`, `from_user_id`, `to_user_id`, `body`, `is_important`, `is_delivered`, `created_at`) VALUES (24, 90, 51, 'Et quo aut doloribus vitae. Ut ad id ratione beatae hic animi. Est voluptatem veniam perspiciatis assumenda eos. Nam aut quia accusantium sint et nisi.', 0, 1, '1976-07-19 14:18:05');
INSERT INTO `messages` (`id`, `from_user_id`, `to_user_id`, `body`, `is_important`, `is_delivered`, `created_at`) VALUES (25, 81, 5, 'Modi debitis aliquid quos magnam iure dolorem architecto. Corrupti nostrum dignissimos exercitationem iure ullam. Earum laboriosam et laboriosam sed exercitationem vero.', 1, 1, '1973-11-23 20:49:10');
INSERT INTO `messages` (`id`, `from_user_id`, `to_user_id`, `body`, `is_important`, `is_delivered`, `created_at`) VALUES (26, 84, 84, 'Repellendus aut rem illum reiciendis aut. Consectetur quo deserunt quasi odit fugiat odit impedit.', 1, 1, '2016-08-30 21:19:36');
INSERT INTO `messages` (`id`, `from_user_id`, `to_user_id`, `body`, `is_important`, `is_delivered`, `created_at`) VALUES (27, 58, 12, 'Vel dolorem non est maxime qui. Eveniet sed laboriosam consequatur magni ipsam exercitationem distinctio. Vel quasi consectetur aut dolore aperiam eligendi natus.', 0, 1, '1998-08-27 11:02:52');
INSERT INTO `messages` (`id`, `from_user_id`, `to_user_id`, `body`, `is_important`, `is_delivered`, `created_at`) VALUES (28, 48, 83, 'A magni facilis et pariatur. Et est incidunt sapiente. Saepe eum debitis praesentium cupiditate.', 0, 1, '1980-05-04 16:51:57');
INSERT INTO `messages` (`id`, `from_user_id`, `to_user_id`, `body`, `is_important`, `is_delivered`, `created_at`) VALUES (29, 76, 6, 'Voluptatibus quae perspiciatis aliquid blanditiis tempore. Voluptas molestias perspiciatis sunt occaecati.', 0, 0, '1986-04-06 09:32:36');
INSERT INTO `messages` (`id`, `from_user_id`, `to_user_id`, `body`, `is_important`, `is_delivered`, `created_at`) VALUES (30, 46, 83, 'Nihil animi quae qui sunt. Ut aliquid aspernatur aspernatur non quis est. Voluptas id expedita non doloremque. At eum ut minus enim quae.', 1, 0, '2007-05-10 21:07:13');
INSERT INTO `messages` (`id`, `from_user_id`, `to_user_id`, `body`, `is_important`, `is_delivered`, `created_at`) VALUES (31, 59, 90, 'Quisquam consequuntur perspiciatis qui est non iure. Nulla doloribus nisi asperiores. Aut et et animi ad.', 0, 1, '2008-11-25 07:34:08');
INSERT INTO `messages` (`id`, `from_user_id`, `to_user_id`, `body`, `is_important`, `is_delivered`, `created_at`) VALUES (32, 25, 74, 'Esse sed esse magni veritatis eaque est quia. Occaecati et aperiam sit odit. Repellendus sit qui corporis recusandae aut.', 1, 1, '1994-06-28 14:01:22');
INSERT INTO `messages` (`id`, `from_user_id`, `to_user_id`, `body`, `is_important`, `is_delivered`, `created_at`) VALUES (33, 60, 32, 'Assumenda voluptas perferendis qui quo. Illum corrupti inventore placeat autem officiis consequatur quia rem.', 1, 0, '1989-10-17 17:37:58');
INSERT INTO `messages` (`id`, `from_user_id`, `to_user_id`, `body`, `is_important`, `is_delivered`, `created_at`) VALUES (34, 42, 69, 'Et vitae neque saepe deleniti pariatur et. Accusantium repudiandae qui autem nemo et autem consequatur corporis.', 0, 0, '2016-02-21 06:45:03');
INSERT INTO `messages` (`id`, `from_user_id`, `to_user_id`, `body`, `is_important`, `is_delivered`, `created_at`) VALUES (35, 81, 89, 'Est et dolor est natus in. Magnam eveniet vitae omnis dicta consectetur incidunt qui. Voluptates dolore eligendi saepe. Ut saepe quis voluptatum aspernatur animi.', 1, 1, '1992-01-21 20:40:49');
INSERT INTO `messages` (`id`, `from_user_id`, `to_user_id`, `body`, `is_important`, `is_delivered`, `created_at`) VALUES (36, 28, 24, 'Nesciunt dolore eligendi eum. Excepturi ut qui culpa veritatis omnis corrupti. Commodi molestiae soluta cupiditate quisquam aliquid.', 1, 0, '2011-10-09 19:38:43');
INSERT INTO `messages` (`id`, `from_user_id`, `to_user_id`, `body`, `is_important`, `is_delivered`, `created_at`) VALUES (37, 65, 10, 'Sint tempora quia deleniti quo et porro rem. Aut non sequi eum qui. Voluptas molestiae qui voluptatum. Et repellendus dolorem dignissimos.', 1, 0, '2005-08-22 18:33:11');
INSERT INTO `messages` (`id`, `from_user_id`, `to_user_id`, `body`, `is_important`, `is_delivered`, `created_at`) VALUES (38, 49, 70, 'Autem est aspernatur voluptas est voluptate itaque. Et accusamus earum sequi tempore voluptates nihil voluptates. Quos unde vel et ut illum.', 1, 0, '1986-07-31 12:17:46');
INSERT INTO `messages` (`id`, `from_user_id`, `to_user_id`, `body`, `is_important`, `is_delivered`, `created_at`) VALUES (39, 100, 23, 'Laboriosam voluptatum tempora beatae est omnis tempore nisi. Quos est similique tenetur voluptatem iure ut odio eos. Optio libero quo magni omnis.', 1, 0, '2017-06-30 15:55:55');
INSERT INTO `messages` (`id`, `from_user_id`, `to_user_id`, `body`, `is_important`, `is_delivered`, `created_at`) VALUES (40, 86, 81, 'Corporis ab nam quia qui molestias magni dolorum. Dolorem nobis beatae quia. Aut quidem quia sint at exercitationem enim at. Qui nihil consequuntur animi nobis aliquid cum magnam quos.', 1, 1, '2014-09-03 01:56:24');
INSERT INTO `messages` (`id`, `from_user_id`, `to_user_id`, `body`, `is_important`, `is_delivered`, `created_at`) VALUES (41, 22, 50, 'Qui vel praesentium voluptatem sit labore dicta nihil. Rerum non quia deleniti. Est explicabo animi sint itaque cumque eos.', 0, 1, '1983-11-13 09:40:41');
INSERT INTO `messages` (`id`, `from_user_id`, `to_user_id`, `body`, `is_important`, `is_delivered`, `created_at`) VALUES (42, 77, 13, 'Dolore a reiciendis natus voluptatem dolorem. Ratione est aut nemo exercitationem. Aut eveniet dolor aut aliquam ut voluptatem veritatis facilis.', 1, 1, '1992-08-05 21:18:24');
INSERT INTO `messages` (`id`, `from_user_id`, `to_user_id`, `body`, `is_important`, `is_delivered`, `created_at`) VALUES (43, 62, 30, 'Et incidunt a id tempore culpa voluptas placeat quo. Impedit aperiam neque laudantium et. Eaque commodi perferendis quidem culpa laudantium.', 1, 0, '2003-12-09 16:45:31');
INSERT INTO `messages` (`id`, `from_user_id`, `to_user_id`, `body`, `is_important`, `is_delivered`, `created_at`) VALUES (44, 3, 60, 'Nulla est quia consequatur laboriosam sint maxime doloremque. Consequatur facilis qui sit pariatur maiores consequatur. Quaerat ab doloremque molestiae aliquam nihil quo.', 0, 0, '1991-11-25 02:15:58');
INSERT INTO `messages` (`id`, `from_user_id`, `to_user_id`, `body`, `is_important`, `is_delivered`, `created_at`) VALUES (45, 9, 10, 'Dolor sed nihil totam qui et aut sit. Assumenda laborum itaque voluptas debitis ut. Doloribus rerum molestiae rem qui. Eum qui reprehenderit quis at impedit iste. Aut optio at provident quia quaerat.', 1, 1, '1999-03-08 10:49:43');
INSERT INTO `messages` (`id`, `from_user_id`, `to_user_id`, `body`, `is_important`, `is_delivered`, `created_at`) VALUES (46, 96, 92, 'Adipisci aut ad rerum consectetur est. Facere nobis inventore et necessitatibus consequatur. Ullam omnis asperiores maiores tenetur et. Cum illo dolorum nemo qui possimus in.', 0, 0, '2005-11-24 10:35:56');
INSERT INTO `messages` (`id`, `from_user_id`, `to_user_id`, `body`, `is_important`, `is_delivered`, `created_at`) VALUES (47, 59, 44, 'Tenetur quo laborum sint et iste natus. Sapiente neque non at id explicabo sed sint. Aliquid laudantium assumenda animi ipsum. Iusto provident non sit et odit.', 1, 0, '1990-04-13 08:12:17');
INSERT INTO `messages` (`id`, `from_user_id`, `to_user_id`, `body`, `is_important`, `is_delivered`, `created_at`) VALUES (48, 58, 29, 'Dolor eaque voluptate est iure repellat ut. Rem aliquid exercitationem consequatur sapiente. Nemo exercitationem eius quibusdam ea ducimus commodi inventore. Eum voluptatem sed officiis voluptatem nisi sunt sunt.', 1, 0, '2007-08-10 11:17:40');
INSERT INTO `messages` (`id`, `from_user_id`, `to_user_id`, `body`, `is_important`, `is_delivered`, `created_at`) VALUES (49, 9, 69, 'Rerum id illum aut rerum ipsum sed numquam. Rerum earum nobis quis voluptas. Officiis laborum perspiciatis doloremque ratione non. Ea aspernatur quidem recusandae consequatur voluptate earum recusandae.', 0, 1, '1989-07-29 18:02:47');
INSERT INTO `messages` (`id`, `from_user_id`, `to_user_id`, `body`, `is_important`, `is_delivered`, `created_at`) VALUES (50, 2, 82, 'Sit quo veniam repudiandae nihil. Veritatis facere unde vitae quia est. Placeat fugit quibusdam quisquam. Ipsam id incidunt quas enim.', 0, 0, '2008-05-20 00:01:37');
INSERT INTO `messages` (`id`, `from_user_id`, `to_user_id`, `body`, `is_important`, `is_delivered`, `created_at`) VALUES (51, 73, 70, 'Natus harum sunt aspernatur perferendis suscipit. Iure voluptatibus sed laboriosam. Animi laborum fugit ullam quidem totam. Est rerum reprehenderit placeat quo et voluptas.', 1, 0, '1970-05-07 16:08:06');
INSERT INTO `messages` (`id`, `from_user_id`, `to_user_id`, `body`, `is_important`, `is_delivered`, `created_at`) VALUES (52, 79, 29, 'Deleniti et ipsam vel facilis commodi. Aut voluptatem cupiditate aut quia labore recusandae expedita est. Voluptatem quis occaecati eum necessitatibus possimus qui sit. Repudiandae quia et placeat non accusamus.', 0, 1, '1972-08-28 15:08:19');
INSERT INTO `messages` (`id`, `from_user_id`, `to_user_id`, `body`, `is_important`, `is_delivered`, `created_at`) VALUES (53, 25, 61, 'Aperiam suscipit hic quaerat impedit minima qui. Doloremque assumenda illum voluptatem et eaque. Commodi possimus non reprehenderit ut. Et ut aut reiciendis eveniet repellendus.', 0, 0, '2015-05-08 16:39:40');
INSERT INTO `messages` (`id`, `from_user_id`, `to_user_id`, `body`, `is_important`, `is_delivered`, `created_at`) VALUES (54, 91, 10, 'Harum velit quisquam consequatur quo. Ipsum nihil quo quaerat ratione. Dolorum quia doloribus vero corporis. Quia omnis et cumque molestiae aliquid debitis.', 0, 0, '1977-01-10 23:40:00');
INSERT INTO `messages` (`id`, `from_user_id`, `to_user_id`, `body`, `is_important`, `is_delivered`, `created_at`) VALUES (55, 40, 79, 'Rem est explicabo officia. Magni harum exercitationem hic cupiditate. Atque atque eum quia dolores nam ducimus. Cum sunt sint adipisci numquam quae quaerat corporis et.', 1, 0, '1978-01-10 01:14:12');
INSERT INTO `messages` (`id`, `from_user_id`, `to_user_id`, `body`, `is_important`, `is_delivered`, `created_at`) VALUES (56, 94, 83, 'Ipsam ab quaerat at ipsum perspiciatis dolor deserunt dolorem. Est quia at occaecati quaerat. Rerum ea similique cumque iure. Nostrum laborum eius cum quaerat eum explicabo tempora.', 1, 1, '2007-05-20 03:04:21');
INSERT INTO `messages` (`id`, `from_user_id`, `to_user_id`, `body`, `is_important`, `is_delivered`, `created_at`) VALUES (57, 55, 6, 'Corporis architecto aspernatur commodi odio. Esse voluptas asperiores animi aut ut aliquam. Qui quo dolores vitae enim veniam tempore. Neque autem provident culpa sit saepe facilis suscipit.', 0, 1, '2007-06-04 17:18:16');
INSERT INTO `messages` (`id`, `from_user_id`, `to_user_id`, `body`, `is_important`, `is_delivered`, `created_at`) VALUES (58, 58, 8, 'Assumenda exercitationem molestias eos fugiat accusantium molestiae aspernatur. Rerum a voluptatem et soluta. Soluta ad ut id.', 0, 1, '2011-02-16 13:02:52');
INSERT INTO `messages` (`id`, `from_user_id`, `to_user_id`, `body`, `is_important`, `is_delivered`, `created_at`) VALUES (59, 47, 99, 'Maiores qui nam repudiandae repudiandae dolorum omnis porro nostrum. Consequatur placeat rerum omnis aut. Ipsam quis ipsa laboriosam iusto mollitia eum incidunt. Consequuntur nihil quis tempore est sapiente dolore.', 1, 0, '2005-04-05 19:48:21');
INSERT INTO `messages` (`id`, `from_user_id`, `to_user_id`, `body`, `is_important`, `is_delivered`, `created_at`) VALUES (60, 1, 24, 'Aperiam ea minus nulla. Mollitia quia sequi et et rerum illo et. Consequatur sint incidunt blanditiis sequi odio laboriosam.', 1, 0, '1988-09-01 03:45:26');
INSERT INTO `messages` (`id`, `from_user_id`, `to_user_id`, `body`, `is_important`, `is_delivered`, `created_at`) VALUES (61, 81, 95, 'Consectetur aut perspiciatis quisquam sed commodi voluptas. Eos ratione voluptatem eum et voluptate necessitatibus. Praesentium rerum rerum recusandae aut amet sint. Beatae distinctio quia autem modi qui.', 0, 0, '2018-05-28 23:21:06');
INSERT INTO `messages` (`id`, `from_user_id`, `to_user_id`, `body`, `is_important`, `is_delivered`, `created_at`) VALUES (62, 48, 48, 'Non atque voluptatum et expedita expedita. Iure qui eos omnis eum. Distinctio repellendus et illo molestiae quisquam temporibus alias. Expedita perferendis aut odit totam.', 0, 1, '2001-05-27 03:55:11');
INSERT INTO `messages` (`id`, `from_user_id`, `to_user_id`, `body`, `is_important`, `is_delivered`, `created_at`) VALUES (63, 6, 67, 'Quisquam ducimus deleniti vero facilis dolorum nulla. Consequuntur consequatur voluptatem ut quos repellendus libero id. Nemo optio dignissimos sint in aspernatur.', 1, 0, '1984-09-28 06:49:19');
INSERT INTO `messages` (`id`, `from_user_id`, `to_user_id`, `body`, `is_important`, `is_delivered`, `created_at`) VALUES (64, 22, 95, 'Ipsum laudantium cupiditate omnis provident ex. Tempore quam odio voluptas voluptas quia a. Sit totam est quia vel voluptatibus. Reprehenderit optio qui ipsam a cupiditate sequi.', 0, 1, '1985-12-17 14:24:34');
INSERT INTO `messages` (`id`, `from_user_id`, `to_user_id`, `body`, `is_important`, `is_delivered`, `created_at`) VALUES (65, 37, 61, 'Labore quos voluptatum dolores. Quaerat porro eos cum similique est magni et. Nulla nihil autem quidem corrupti rerum aut consequatur.', 0, 1, '1974-05-28 10:33:56');
INSERT INTO `messages` (`id`, `from_user_id`, `to_user_id`, `body`, `is_important`, `is_delivered`, `created_at`) VALUES (66, 24, 46, 'Voluptas quo quo similique est est quos rerum. Vel quia ut optio ipsum similique id quo. Vel fugit omnis quaerat sed laudantium est. Officia quis non rerum ab sed animi in modi.', 1, 1, '1999-04-25 06:29:26');
INSERT INTO `messages` (`id`, `from_user_id`, `to_user_id`, `body`, `is_important`, `is_delivered`, `created_at`) VALUES (67, 70, 55, 'Error ut neque cupiditate at dolorum facilis harum dignissimos. Vel repellendus ut quia quia deserunt. Veniam laboriosam voluptatum voluptates. Illo iste nemo et. Sunt eum sunt aut est quos dolorem consequatur.', 1, 1, '1978-04-03 22:01:13');
INSERT INTO `messages` (`id`, `from_user_id`, `to_user_id`, `body`, `is_important`, `is_delivered`, `created_at`) VALUES (68, 8, 49, 'Aut harum occaecati optio facilis aliquid. Et reiciendis quod ipsum similique cupiditate minima aut. Quia illo tempora minus.', 1, 1, '2003-04-12 22:45:36');
INSERT INTO `messages` (`id`, `from_user_id`, `to_user_id`, `body`, `is_important`, `is_delivered`, `created_at`) VALUES (69, 3, 15, 'Eligendi mollitia et id. Veniam beatae suscipit placeat. Et in aspernatur culpa quisquam culpa.', 0, 1, '1975-05-11 07:35:45');
INSERT INTO `messages` (`id`, `from_user_id`, `to_user_id`, `body`, `is_important`, `is_delivered`, `created_at`) VALUES (70, 5, 26, 'Quia pariatur eligendi enim esse. Non vero sint ea consequatur delectus incidunt. In vel delectus qui ipsum et nam.', 1, 1, '1995-10-19 08:14:05');
INSERT INTO `messages` (`id`, `from_user_id`, `to_user_id`, `body`, `is_important`, `is_delivered`, `created_at`) VALUES (71, 10, 26, 'Veniam aut libero sed iste vitae ea eaque. Quibusdam quia voluptatem harum quae error. Cum et ea doloribus qui. Optio aspernatur molestiae voluptate consequatur sequi dolorum consequatur.', 1, 1, '1988-07-30 01:07:53');
INSERT INTO `messages` (`id`, `from_user_id`, `to_user_id`, `body`, `is_important`, `is_delivered`, `created_at`) VALUES (72, 14, 88, 'Ut voluptas nemo rerum id. Nam consequuntur nulla praesentium placeat. Et placeat quod est et. Minima hic est animi omnis nihil ullam ratione. Qui commodi consequatur qui tempore quo placeat corporis natus.', 0, 0, '1987-01-30 14:08:15');
INSERT INTO `messages` (`id`, `from_user_id`, `to_user_id`, `body`, `is_important`, `is_delivered`, `created_at`) VALUES (73, 77, 86, 'Tenetur recusandae sit quia voluptas voluptatibus. Voluptatibus itaque recusandae voluptatem quibusdam. Labore ut itaque aperiam. Accusantium ipsum tempora et sunt ea.', 0, 1, '1986-06-05 06:17:11');
INSERT INTO `messages` (`id`, `from_user_id`, `to_user_id`, `body`, `is_important`, `is_delivered`, `created_at`) VALUES (74, 76, 17, 'Illo voluptas ut aut unde. Adipisci veritatis accusamus reiciendis.', 0, 1, '2010-05-16 23:47:20');
INSERT INTO `messages` (`id`, `from_user_id`, `to_user_id`, `body`, `is_important`, `is_delivered`, `created_at`) VALUES (75, 83, 86, 'Natus nam voluptate optio. Eum quasi assumenda aut dolorem sed distinctio. Quis ut accusamus sunt unde.', 1, 0, '1981-04-27 14:02:00');
INSERT INTO `messages` (`id`, `from_user_id`, `to_user_id`, `body`, `is_important`, `is_delivered`, `created_at`) VALUES (76, 85, 64, 'Eius dignissimos sit laborum et dolorum distinctio. Minus labore inventore repellat quaerat beatae est et. Quas odio eaque harum rem.', 1, 1, '1990-04-20 21:34:29');
INSERT INTO `messages` (`id`, `from_user_id`, `to_user_id`, `body`, `is_important`, `is_delivered`, `created_at`) VALUES (77, 18, 79, 'Voluptatem adipisci dolore in consequuntur. Molestiae eum esse accusamus qui ex non. Rerum quisquam expedita eos et qui molestiae qui.', 0, 1, '1989-07-31 17:39:42');
INSERT INTO `messages` (`id`, `from_user_id`, `to_user_id`, `body`, `is_important`, `is_delivered`, `created_at`) VALUES (78, 30, 6, 'Assumenda aspernatur consequatur sit. Quasi harum qui quasi voluptas quia amet. Repudiandae repellat unde sit qui. Libero eveniet esse ut.', 0, 1, '2000-06-23 22:43:04');
INSERT INTO `messages` (`id`, `from_user_id`, `to_user_id`, `body`, `is_important`, `is_delivered`, `created_at`) VALUES (79, 34, 23, 'Molestias provident quia quo quibusdam vero labore. Non rerum qui facilis esse ut odit et. Quas nihil reiciendis at consectetur quos qui.', 1, 1, '2012-03-16 18:14:00');
INSERT INTO `messages` (`id`, `from_user_id`, `to_user_id`, `body`, `is_important`, `is_delivered`, `created_at`) VALUES (80, 64, 51, 'Et aut ducimus qui. Similique similique consequatur quia voluptatum sint. Ex ea explicabo nesciunt delectus sequi sint a nesciunt.', 1, 0, '1977-12-15 10:35:04');
INSERT INTO `messages` (`id`, `from_user_id`, `to_user_id`, `body`, `is_important`, `is_delivered`, `created_at`) VALUES (81, 85, 93, 'Nam fuga incidunt ipsa fuga ut alias et. Et ad qui autem repudiandae magnam blanditiis velit. Necessitatibus beatae repellendus maiores ut minus aliquam.', 1, 1, '1973-04-12 19:30:21');
INSERT INTO `messages` (`id`, `from_user_id`, `to_user_id`, `body`, `is_important`, `is_delivered`, `created_at`) VALUES (82, 40, 38, 'Nulla aut consequatur aut qui itaque quos. Ratione veniam sit neque et.', 0, 0, '1993-06-06 23:04:07');
INSERT INTO `messages` (`id`, `from_user_id`, `to_user_id`, `body`, `is_important`, `is_delivered`, `created_at`) VALUES (83, 79, 18, 'Facere ea quidem commodi totam ipsam corporis. Amet molestiae consequatur ducimus ducimus. Dolorem magni voluptatem nostrum vel dicta quia.', 0, 0, '2019-06-09 16:02:29');
INSERT INTO `messages` (`id`, `from_user_id`, `to_user_id`, `body`, `is_important`, `is_delivered`, `created_at`) VALUES (84, 87, 30, 'Fugit blanditiis consequatur non consequatur sunt officia. Exercitationem officiis est labore nihil et reprehenderit pariatur. Labore vitae nostrum impedit delectus maxime quisquam. Aut sed qui reiciendis temporibus assumenda tempore non.', 1, 0, '2015-04-22 05:45:55');
INSERT INTO `messages` (`id`, `from_user_id`, `to_user_id`, `body`, `is_important`, `is_delivered`, `created_at`) VALUES (85, 4, 86, 'Temporibus veritatis minus amet voluptate quia omnis. Repudiandae blanditiis id id dolorem expedita non odit enim. Ipsum excepturi dicta eos dolor odio eos voluptate.', 1, 0, '2014-08-08 05:51:32');
INSERT INTO `messages` (`id`, `from_user_id`, `to_user_id`, `body`, `is_important`, `is_delivered`, `created_at`) VALUES (86, 43, 30, 'Repudiandae amet iure ipsam repellendus maiores odit. Labore neque quidem et dolor. Odit quis optio at quos eum. Qui minus eum eum.', 0, 1, '1977-06-06 04:32:48');
INSERT INTO `messages` (`id`, `from_user_id`, `to_user_id`, `body`, `is_important`, `is_delivered`, `created_at`) VALUES (87, 1, 56, 'Magnam aut amet vel cumque quam. Eum expedita non est. Ducimus necessitatibus vero architecto totam beatae ipsa non ipsum. Culpa quia aperiam itaque qui culpa.', 1, 1, '2017-07-22 16:23:56');
INSERT INTO `messages` (`id`, `from_user_id`, `to_user_id`, `body`, `is_important`, `is_delivered`, `created_at`) VALUES (88, 72, 21, 'Vero earum officiis neque omnis vitae ipsum. Doloribus aperiam sed hic. Rerum adipisci ad quibusdam aut sit voluptatem. Dolores autem laudantium enim vitae quasi. Eos harum nihil voluptates earum alias.', 1, 0, '1989-09-30 12:37:33');
INSERT INTO `messages` (`id`, `from_user_id`, `to_user_id`, `body`, `is_important`, `is_delivered`, `created_at`) VALUES (89, 48, 97, 'Maiores odio voluptas neque sit. Id ipsam ab dolore id alias mollitia aliquid. Labore quam sequi voluptatum qui. Perspiciatis quidem animi autem molestiae voluptatem officiis hic.', 0, 1, '2000-12-31 00:12:06');
INSERT INTO `messages` (`id`, `from_user_id`, `to_user_id`, `body`, `is_important`, `is_delivered`, `created_at`) VALUES (90, 37, 80, 'Aut nobis est culpa numquam. Nemo esse labore aliquid quam ex nulla. Nihil incidunt beatae natus a et aut amet.', 1, 0, '1983-01-21 16:33:49');
INSERT INTO `messages` (`id`, `from_user_id`, `to_user_id`, `body`, `is_important`, `is_delivered`, `created_at`) VALUES (91, 91, 67, 'Mollitia asperiores quo nemo qui quis. Dolorum commodi rerum voluptatem distinctio voluptates doloremque est. Aut reprehenderit sint voluptatem voluptatem aut. Soluta delectus necessitatibus fuga velit voluptatibus et temporibus dolorum.', 1, 0, '2019-09-06 16:51:29');
INSERT INTO `messages` (`id`, `from_user_id`, `to_user_id`, `body`, `is_important`, `is_delivered`, `created_at`) VALUES (92, 21, 91, 'Cupiditate corrupti ex quia quibusdam officia quos. Tempore commodi quae corporis quis eos ratione. Laborum neque ullam architecto et.', 0, 0, '2017-01-07 14:26:22');
INSERT INTO `messages` (`id`, `from_user_id`, `to_user_id`, `body`, `is_important`, `is_delivered`, `created_at`) VALUES (93, 92, 53, 'Officia libero in quod aut impedit. Sunt excepturi vel voluptate ut vitae veritatis sit. Sed porro at earum dolores doloremque eligendi quam quos. Consequatur sit repudiandae enim recusandae quod in.', 0, 1, '1992-12-31 01:21:16');
INSERT INTO `messages` (`id`, `from_user_id`, `to_user_id`, `body`, `is_important`, `is_delivered`, `created_at`) VALUES (94, 85, 10, 'Enim accusamus molestiae tenetur qui voluptatem esse voluptatem. Est tempora est minima. Illum ut soluta assumenda repellat enim voluptas quibusdam. Ab unde esse tenetur inventore omnis iste.', 0, 1, '1995-10-19 20:59:55');
INSERT INTO `messages` (`id`, `from_user_id`, `to_user_id`, `body`, `is_important`, `is_delivered`, `created_at`) VALUES (95, 43, 30, 'Consequatur ut sed veniam corrupti ut inventore at. Enim temporibus rem architecto mollitia. Aut veniam maiores qui fuga.', 1, 1, '2004-08-30 12:40:39');
INSERT INTO `messages` (`id`, `from_user_id`, `to_user_id`, `body`, `is_important`, `is_delivered`, `created_at`) VALUES (96, 38, 92, 'Non aperiam molestiae numquam. Occaecati atque sequi fuga minus. Corrupti provident dolor assumenda. Suscipit dolore rem ipsam atque et. Maiores consequuntur enim dolores impedit.', 0, 0, '2004-09-12 13:05:42');
INSERT INTO `messages` (`id`, `from_user_id`, `to_user_id`, `body`, `is_important`, `is_delivered`, `created_at`) VALUES (97, 37, 24, 'Vero saepe occaecati aut vero et facere. Quae adipisci aperiam facilis quis. Inventore explicabo asperiores ad et.', 1, 1, '1974-02-16 02:46:56');
INSERT INTO `messages` (`id`, `from_user_id`, `to_user_id`, `body`, `is_important`, `is_delivered`, `created_at`) VALUES (98, 85, 63, 'Reiciendis facere sit illum. Sed ipsa non consequuntur inventore sit. Quo iste corporis aut optio corporis.', 1, 1, '2012-12-14 21:57:24');
INSERT INTO `messages` (`id`, `from_user_id`, `to_user_id`, `body`, `is_important`, `is_delivered`, `created_at`) VALUES (99, 86, 79, 'Enim consequatur magni itaque minima voluptatem quis. Iure laudantium voluptatibus laborum qui. Amet commodi eius delectus id culpa voluptatum.', 0, 1, '2002-05-03 20:45:27');
INSERT INTO `messages` (`id`, `from_user_id`, `to_user_id`, `body`, `is_important`, `is_delivered`, `created_at`) VALUES (100, 86, 7, 'Hic officiis explicabo consequatur cumque. Minima officiis aut eos non. Consequatur sint voluptatibus facere dolore et consectetur. Qui et dolores provident non eveniet ut molestiae.', 0, 0, '1979-09-04 10:44:06');


#
# TABLE STRUCTURE FOR: profiles
#

DROP TABLE IF EXISTS `profiles`;

CREATE TABLE `profiles` (
  `user_id` int(10) unsigned NOT NULL,
  `sex` char(1) COLLATE utf8_unicode_ci NOT NULL,
  `birthday_at` date DEFAULT NULL,
  `hometown` varchar(100) COLLATE utf8_unicode_ci DEFAULT NULL,
  `photo_id` int(10) unsigned NOT NULL,
  PRIMARY KEY (`user_id`)
) ENGINE=InnoDB DEFAULT CHARSET=utf8 COLLATE=utf8_unicode_ci;

INSERT INTO `profiles` (`user_id`, `sex`, `birthday_at`, `hometown`, `photo_id`) VALUES (1, '\"', '2010-09-11', 'Adellefort', 61);
INSERT INTO `profiles` (`user_id`, `sex`, `birthday_at`, `hometown`, `photo_id`) VALUES (2, '\"', '1994-06-10', 'Schmidtstad', 57);
INSERT INTO `profiles` (`user_id`, `sex`, `birthday_at`, `hometown`, `photo_id`) VALUES (3, '\"', '2012-05-22', 'Wiltonstad', 12);
INSERT INTO `profiles` (`user_id`, `sex`, `birthday_at`, `hometown`, `photo_id`) VALUES (4, '\"', '2000-05-01', 'Kailynshire', 16);
INSERT INTO `profiles` (`user_id`, `sex`, `birthday_at`, `hometown`, `photo_id`) VALUES (5, '\"', '1977-05-21', 'Port Leathaborough', 29);
INSERT INTO `profiles` (`user_id`, `sex`, `birthday_at`, `hometown`, `photo_id`) VALUES (6, '\"', '2015-06-30', 'Bobbietown', 56);
INSERT INTO `profiles` (`user_id`, `sex`, `birthday_at`, `hometown`, `photo_id`) VALUES (7, '\"', '2004-01-16', 'Lake Elnora', 98);
INSERT INTO `profiles` (`user_id`, `sex`, `birthday_at`, `hometown`, `photo_id`) VALUES (8, '\"', '1999-04-05', 'West Johnson', 72);
INSERT INTO `profiles` (`user_id`, `sex`, `birthday_at`, `hometown`, `photo_id`) VALUES (9, '\"', '2000-01-14', 'Nayelistad', 39);
INSERT INTO `profiles` (`user_id`, `sex`, `birthday_at`, `hometown`, `photo_id`) VALUES (10, '\"', '1988-11-20', 'Stanleyshire', 66);
INSERT INTO `profiles` (`user_id`, `sex`, `birthday_at`, `hometown`, `photo_id`) VALUES (11, '\"', '2008-08-28', 'Satterfieldtown', 5);
INSERT INTO `profiles` (`user_id`, `sex`, `birthday_at`, `hometown`, `photo_id`) VALUES (12, '\"', '1973-04-11', 'Boyerburgh', 15);
INSERT INTO `profiles` (`user_id`, `sex`, `birthday_at`, `hometown`, `photo_id`) VALUES (13, '\"', '2007-05-29', 'New Alf', 62);
INSERT INTO `profiles` (`user_id`, `sex`, `birthday_at`, `hometown`, `photo_id`) VALUES (14, '\"', '1986-10-25', 'Godfreymouth', 88);
INSERT INTO `profiles` (`user_id`, `sex`, `birthday_at`, `hometown`, `photo_id`) VALUES (15, '\"', '1979-09-13', 'Lake Annetteland', 92);
INSERT INTO `profiles` (`user_id`, `sex`, `birthday_at`, `hometown`, `photo_id`) VALUES (16, '\"', '1996-01-24', 'South Rogelio', 61);
INSERT INTO `profiles` (`user_id`, `sex`, `birthday_at`, `hometown`, `photo_id`) VALUES (17, '\"', '2018-01-18', 'South Junior', 8);
INSERT INTO `profiles` (`user_id`, `sex`, `birthday_at`, `hometown`, `photo_id`) VALUES (18, '\"', '1982-11-05', 'East Brentton', 24);
INSERT INTO `profiles` (`user_id`, `sex`, `birthday_at`, `hometown`, `photo_id`) VALUES (19, '\"', '1974-02-05', 'Walkertown', 12);
INSERT INTO `profiles` (`user_id`, `sex`, `birthday_at`, `hometown`, `photo_id`) VALUES (20, '\"', '1978-10-22', 'Enriqueview', 31);
INSERT INTO `profiles` (`user_id`, `sex`, `birthday_at`, `hometown`, `photo_id`) VALUES (21, '\"', '2009-01-20', 'Hoppeside', 90);
INSERT INTO `profiles` (`user_id`, `sex`, `birthday_at`, `hometown`, `photo_id`) VALUES (22, '\"', '1976-08-28', 'Rafaelborough', 50);
INSERT INTO `profiles` (`user_id`, `sex`, `birthday_at`, `hometown`, `photo_id`) VALUES (23, '\"', '1997-06-17', 'Tremayneland', 64);
INSERT INTO `profiles` (`user_id`, `sex`, `birthday_at`, `hometown`, `photo_id`) VALUES (24, '\"', '1998-02-26', 'East Ericaborough', 85);
INSERT INTO `profiles` (`user_id`, `sex`, `birthday_at`, `hometown`, `photo_id`) VALUES (25, '\"', '1988-02-12', 'North Taylormouth', 20);
INSERT INTO `profiles` (`user_id`, `sex`, `birthday_at`, `hometown`, `photo_id`) VALUES (26, '\"', '2006-11-15', 'McDermottland', 9);
INSERT INTO `profiles` (`user_id`, `sex`, `birthday_at`, `hometown`, `photo_id`) VALUES (27, '\"', '1982-02-01', 'Stehrmouth', 72);
INSERT INTO `profiles` (`user_id`, `sex`, `birthday_at`, `hometown`, `photo_id`) VALUES (28, '\"', '2015-06-20', 'South Julianachester', 64);
INSERT INTO `profiles` (`user_id`, `sex`, `birthday_at`, `hometown`, `photo_id`) VALUES (29, '\"', '2002-08-02', 'Vincefort', 31);
INSERT INTO `profiles` (`user_id`, `sex`, `birthday_at`, `hometown`, `photo_id`) VALUES (30, '\"', '1985-07-09', 'North Arielleside', 67);
INSERT INTO `profiles` (`user_id`, `sex`, `birthday_at`, `hometown`, `photo_id`) VALUES (31, '\"', '1975-11-16', 'Ceciletown', 71);
INSERT INTO `profiles` (`user_id`, `sex`, `birthday_at`, `hometown`, `photo_id`) VALUES (32, '\"', '2012-01-14', 'Reynoldsmouth', 47);
INSERT INTO `profiles` (`user_id`, `sex`, `birthday_at`, `hometown`, `photo_id`) VALUES (33, '\"', '2010-05-24', 'Port Mara', 83);
INSERT INTO `profiles` (`user_id`, `sex`, `birthday_at`, `hometown`, `photo_id`) VALUES (34, '\"', '2000-02-07', 'Kochport', 23);
INSERT INTO `profiles` (`user_id`, `sex`, `birthday_at`, `hometown`, `photo_id`) VALUES (35, '\"', '2010-04-03', 'Ferryshire', 97);
INSERT INTO `profiles` (`user_id`, `sex`, `birthday_at`, `hometown`, `photo_id`) VALUES (36, '\"', '2013-04-27', 'North Brad', 40);
INSERT INTO `profiles` (`user_id`, `sex`, `birthday_at`, `hometown`, `photo_id`) VALUES (37, '\"', '2019-12-05', 'Nicholasshire', 44);
INSERT INTO `profiles` (`user_id`, `sex`, `birthday_at`, `hometown`, `photo_id`) VALUES (38, '\"', '1975-11-26', 'Einarfort', 88);
INSERT INTO `profiles` (`user_id`, `sex`, `birthday_at`, `hometown`, `photo_id`) VALUES (39, '\"', '1996-05-05', 'Lavonstad', 7);
INSERT INTO `profiles` (`user_id`, `sex`, `birthday_at`, `hometown`, `photo_id`) VALUES (40, '\"', '2005-12-19', 'Jacobsonburgh', 92);
INSERT INTO `profiles` (`user_id`, `sex`, `birthday_at`, `hometown`, `photo_id`) VALUES (41, '\"', '1998-03-27', 'New Luther', 24);
INSERT INTO `profiles` (`user_id`, `sex`, `birthday_at`, `hometown`, `photo_id`) VALUES (42, '\"', '2000-02-08', 'Lonnychester', 87);
INSERT INTO `profiles` (`user_id`, `sex`, `birthday_at`, `hometown`, `photo_id`) VALUES (43, '\"', '1996-10-13', 'Caseytown', 29);
INSERT INTO `profiles` (`user_id`, `sex`, `birthday_at`, `hometown`, `photo_id`) VALUES (44, '\"', '1988-01-24', 'Naderstad', 60);
INSERT INTO `profiles` (`user_id`, `sex`, `birthday_at`, `hometown`, `photo_id`) VALUES (45, '\"', '2005-04-18', 'Verlieshire', 77);
INSERT INTO `profiles` (`user_id`, `sex`, `birthday_at`, `hometown`, `photo_id`) VALUES (46, '\"', '2016-11-15', 'East Leatha', 23);
INSERT INTO `profiles` (`user_id`, `sex`, `birthday_at`, `hometown`, `photo_id`) VALUES (47, '\"', '2013-11-25', 'West Wendy', 59);
INSERT INTO `profiles` (`user_id`, `sex`, `birthday_at`, `hometown`, `photo_id`) VALUES (48, '\"', '1970-09-05', 'East Paigeborough', 80);
INSERT INTO `profiles` (`user_id`, `sex`, `birthday_at`, `hometown`, `photo_id`) VALUES (49, '\"', '2007-07-22', 'West Immanuel', 96);
INSERT INTO `profiles` (`user_id`, `sex`, `birthday_at`, `hometown`, `photo_id`) VALUES (50, '\"', '2004-09-08', 'Durwardberg', 22);
INSERT INTO `profiles` (`user_id`, `sex`, `birthday_at`, `hometown`, `photo_id`) VALUES (51, '\"', '2011-10-08', 'Cassandrafort', 65);
INSERT INTO `profiles` (`user_id`, `sex`, `birthday_at`, `hometown`, `photo_id`) VALUES (52, '\"', '1975-04-26', 'Ondrickafurt', 11);
INSERT INTO `profiles` (`user_id`, `sex`, `birthday_at`, `hometown`, `photo_id`) VALUES (53, '\"', '1990-08-29', 'Buckridgefort', 93);
INSERT INTO `profiles` (`user_id`, `sex`, `birthday_at`, `hometown`, `photo_id`) VALUES (54, '\"', '2014-10-28', 'West Geovannyton', 16);
INSERT INTO `profiles` (`user_id`, `sex`, `birthday_at`, `hometown`, `photo_id`) VALUES (55, '\"', '2013-08-22', 'Howeburgh', 12);
INSERT INTO `profiles` (`user_id`, `sex`, `birthday_at`, `hometown`, `photo_id`) VALUES (56, '\"', '1996-01-04', 'New Aaliyahville', 17);
INSERT INTO `profiles` (`user_id`, `sex`, `birthday_at`, `hometown`, `photo_id`) VALUES (57, '\"', '2010-05-13', 'South Lilyside', 23);
INSERT INTO `profiles` (`user_id`, `sex`, `birthday_at`, `hometown`, `photo_id`) VALUES (58, '\"', '1996-09-24', 'Lake Vincent', 65);
INSERT INTO `profiles` (`user_id`, `sex`, `birthday_at`, `hometown`, `photo_id`) VALUES (59, '\"', '1997-04-15', 'Agustinafurt', 21);
INSERT INTO `profiles` (`user_id`, `sex`, `birthday_at`, `hometown`, `photo_id`) VALUES (60, '\"', '2000-10-23', 'Jaspermouth', 25);
INSERT INTO `profiles` (`user_id`, `sex`, `birthday_at`, `hometown`, `photo_id`) VALUES (61, '\"', '1979-10-09', 'Lynchchester', 95);
INSERT INTO `profiles` (`user_id`, `sex`, `birthday_at`, `hometown`, `photo_id`) VALUES (62, '\"', '2000-08-23', 'Osvaldoland', 24);
INSERT INTO `profiles` (`user_id`, `sex`, `birthday_at`, `hometown`, `photo_id`) VALUES (63, '\"', '1977-01-26', 'West Prestonhaven', 21);
INSERT INTO `profiles` (`user_id`, `sex`, `birthday_at`, `hometown`, `photo_id`) VALUES (64, '\"', '2015-05-01', 'East Durward', 95);
INSERT INTO `profiles` (`user_id`, `sex`, `birthday_at`, `hometown`, `photo_id`) VALUES (65, '\"', '1974-10-26', 'South Kendra', 88);
INSERT INTO `profiles` (`user_id`, `sex`, `birthday_at`, `hometown`, `photo_id`) VALUES (66, '\"', '1983-04-02', 'Kristofferfurt', 18);
INSERT INTO `profiles` (`user_id`, `sex`, `birthday_at`, `hometown`, `photo_id`) VALUES (67, '\"', '2005-12-27', 'Gusikowskishire', 55);
INSERT INTO `profiles` (`user_id`, `sex`, `birthday_at`, `hometown`, `photo_id`) VALUES (68, '\"', '1991-02-27', 'Lednerborough', 68);
INSERT INTO `profiles` (`user_id`, `sex`, `birthday_at`, `hometown`, `photo_id`) VALUES (69, '\"', '1990-07-29', 'Murphyside', 83);
INSERT INTO `profiles` (`user_id`, `sex`, `birthday_at`, `hometown`, `photo_id`) VALUES (70, '\"', '1987-01-06', 'Sandrinemouth', 65);
INSERT INTO `profiles` (`user_id`, `sex`, `birthday_at`, `hometown`, `photo_id`) VALUES (71, '\"', '2007-03-22', 'Enashire', 28);
INSERT INTO `profiles` (`user_id`, `sex`, `birthday_at`, `hometown`, `photo_id`) VALUES (72, '\"', '1987-12-07', 'New Gwendolynbury', 50);
INSERT INTO `profiles` (`user_id`, `sex`, `birthday_at`, `hometown`, `photo_id`) VALUES (73, '\"', '1981-09-03', 'Isidroton', 40);
INSERT INTO `profiles` (`user_id`, `sex`, `birthday_at`, `hometown`, `photo_id`) VALUES (74, '\"', '1996-06-02', 'South Kitty', 4);
INSERT INTO `profiles` (`user_id`, `sex`, `birthday_at`, `hometown`, `photo_id`) VALUES (75, '\"', '1980-03-30', 'Greenholtview', 23);
INSERT INTO `profiles` (`user_id`, `sex`, `birthday_at`, `hometown`, `photo_id`) VALUES (76, '\"', '1999-05-09', 'Port Briaport', 80);
INSERT INTO `profiles` (`user_id`, `sex`, `birthday_at`, `hometown`, `photo_id`) VALUES (77, '\"', '1980-01-05', 'North Leannafurt', 50);
INSERT INTO `profiles` (`user_id`, `sex`, `birthday_at`, `hometown`, `photo_id`) VALUES (78, '\"', '1991-10-11', 'Legrosview', 63);
INSERT INTO `profiles` (`user_id`, `sex`, `birthday_at`, `hometown`, `photo_id`) VALUES (79, '\"', '2009-08-31', 'East Violette', 7);
INSERT INTO `profiles` (`user_id`, `sex`, `birthday_at`, `hometown`, `photo_id`) VALUES (80, '\"', '1978-05-27', 'Amandafort', 15);
INSERT INTO `profiles` (`user_id`, `sex`, `birthday_at`, `hometown`, `photo_id`) VALUES (81, '\"', '2012-01-07', 'Heidenreichbury', 65);
INSERT INTO `profiles` (`user_id`, `sex`, `birthday_at`, `hometown`, `photo_id`) VALUES (82, '\"', '2016-02-11', 'Spencertown', 91);
INSERT INTO `profiles` (`user_id`, `sex`, `birthday_at`, `hometown`, `photo_id`) VALUES (83, '\"', '1987-05-18', 'Goldnerport', 75);
INSERT INTO `profiles` (`user_id`, `sex`, `birthday_at`, `hometown`, `photo_id`) VALUES (84, '\"', '1984-05-31', 'Harbertown', 17);
INSERT INTO `profiles` (`user_id`, `sex`, `birthday_at`, `hometown`, `photo_id`) VALUES (85, '\"', '2000-06-26', 'Dawsonmouth', 73);
INSERT INTO `profiles` (`user_id`, `sex`, `birthday_at`, `hometown`, `photo_id`) VALUES (86, '\"', '1970-10-18', 'East Fredericberg', 30);
INSERT INTO `profiles` (`user_id`, `sex`, `birthday_at`, `hometown`, `photo_id`) VALUES (87, '\"', '2003-06-20', 'Maciemouth', 65);
INSERT INTO `profiles` (`user_id`, `sex`, `birthday_at`, `hometown`, `photo_id`) VALUES (88, '\"', '1999-07-21', 'Lake Lennyshire', 48);
INSERT INTO `profiles` (`user_id`, `sex`, `birthday_at`, `hometown`, `photo_id`) VALUES (89, '\"', '1987-07-21', 'Port Blazefurt', 84);
INSERT INTO `profiles` (`user_id`, `sex`, `birthday_at`, `hometown`, `photo_id`) VALUES (90, '\"', '1991-11-20', 'Isobelport', 56);
INSERT INTO `profiles` (`user_id`, `sex`, `birthday_at`, `hometown`, `photo_id`) VALUES (91, '\"', '1984-04-28', 'Camylleville', 80);
INSERT INTO `profiles` (`user_id`, `sex`, `birthday_at`, `hometown`, `photo_id`) VALUES (92, '\"', '2018-06-08', 'Port Ellaland', 98);
INSERT INTO `profiles` (`user_id`, `sex`, `birthday_at`, `hometown`, `photo_id`) VALUES (93, '\"', '1973-03-23', 'Colefurt', 41);
INSERT INTO `profiles` (`user_id`, `sex`, `birthday_at`, `hometown`, `photo_id`) VALUES (94, '\"', '1991-10-16', 'South Casey', 2);
INSERT INTO `profiles` (`user_id`, `sex`, `birthday_at`, `hometown`, `photo_id`) VALUES (95, '\"', '1976-04-17', 'Rosaleeton', 96);
INSERT INTO `profiles` (`user_id`, `sex`, `birthday_at`, `hometown`, `photo_id`) VALUES (96, '\"', '1998-12-02', 'Lake Hopechester', 54);
INSERT INTO `profiles` (`user_id`, `sex`, `birthday_at`, `hometown`, `photo_id`) VALUES (97, '\"', '1986-08-22', 'Keshawnview', 23);
INSERT INTO `profiles` (`user_id`, `sex`, `birthday_at`, `hometown`, `photo_id`) VALUES (98, '\"', '1981-08-14', 'Daisychester', 8);
INSERT INTO `profiles` (`user_id`, `sex`, `birthday_at`, `hometown`, `photo_id`) VALUES (99, '\"', '2015-03-17', 'Adolfostad', 77);
INSERT INTO `profiles` (`user_id`, `sex`, `birthday_at`, `hometown`, `photo_id`) VALUES (100, '\"', '1991-05-13', 'Selinastad', 27);


#
# TABLE STRUCTURE FOR: users
#

DROP TABLE IF EXISTS `users`;

CREATE TABLE `users` (
  `id` int(10) unsigned NOT NULL AUTO_INCREMENT,
  `first_name` varchar(100) COLLATE utf8_unicode_ci NOT NULL,
  `last_name` varchar(100) COLLATE utf8_unicode_ci NOT NULL,
  `email` varchar(150) COLLATE utf8_unicode_ci NOT NULL,
  `phone` varchar(12) COLLATE utf8_unicode_ci NOT NULL,
  `created_at` datetime DEFAULT current_timestamp(),
  `update_at` datetime DEFAULT current_timestamp(),
  PRIMARY KEY (`id`),
  UNIQUE KEY `email` (`email`),
  UNIQUE KEY `phone` (`phone`)
) ENGINE=InnoDB AUTO_INCREMENT=101 DEFAULT CHARSET=utf8 COLLATE=utf8_unicode_ci;

INSERT INTO `users` (`id`, `first_name`, `last_name`, `email`, `phone`, `created_at`, `update_at`) VALUES (1, 'Victoria', 'Huel', 'thowell@example.com', '700-056-3591', '2001-02-22 16:59:52', '2005-09-11 13:44:14');
INSERT INTO `users` (`id`, `first_name`, `last_name`, `email`, `phone`, `created_at`, `update_at`) VALUES (2, 'Jaime', 'Stroman', 'delaney.upton@example.com', '(468)501-160', '2007-03-06 02:02:20', '2008-06-17 01:23:20');
INSERT INTO `users` (`id`, `first_name`, `last_name`, `email`, `phone`, `created_at`, `update_at`) VALUES (3, 'Presley', 'Heidenreich', 'fmraz@example.com', '1-783-542-27', '2018-04-04 21:14:28', '1990-03-10 01:47:31');
INSERT INTO `users` (`id`, `first_name`, `last_name`, `email`, `phone`, `created_at`, `update_at`) VALUES (4, 'Leone', 'O\'Connell', 'garett15@example.net', '(809)649-865', '2005-05-13 06:18:36', '2005-12-28 04:03:57');
INSERT INTO `users` (`id`, `first_name`, `last_name`, `email`, `phone`, `created_at`, `update_at`) VALUES (5, 'Jacinthe', 'Hermann', 'fwiza@example.org', '867.812.5755', '2002-12-27 23:12:11', '1982-07-19 18:52:36');
INSERT INTO `users` (`id`, `first_name`, `last_name`, `email`, `phone`, `created_at`, `update_at`) VALUES (6, 'Magdalena', 'Abernathy', 'jessyca.lesch@example.net', '607-297-9116', '2017-04-20 09:49:48', '2012-10-03 14:21:09');
INSERT INTO `users` (`id`, `first_name`, `last_name`, `email`, `phone`, `created_at`, `update_at`) VALUES (7, 'Coleman', 'Zemlak', 'darion.green@example.net', '747-891-8216', '2015-10-23 00:51:36', '2007-12-14 06:21:09');
INSERT INTO `users` (`id`, `first_name`, `last_name`, `email`, `phone`, `created_at`, `update_at`) VALUES (8, 'Greg', 'Raynor', 'kozey.ola@example.net', '+21(9)566091', '1999-09-23 08:30:12', '2015-08-28 06:10:36');
INSERT INTO `users` (`id`, `first_name`, `last_name`, `email`, `phone`, `created_at`, `update_at`) VALUES (9, 'Frederique', 'Abernathy', 'trevor.dach@example.org', '(011)478-800', '2016-02-09 02:05:47', '1999-12-20 20:00:44');
INSERT INTO `users` (`id`, `first_name`, `last_name`, `email`, `phone`, `created_at`, `update_at`) VALUES (10, 'Ibrahim', 'Reichert', 'kiana29@example.net', '(303)182-338', '1984-06-30 08:40:35', '1980-01-13 05:26:43');
INSERT INTO `users` (`id`, `first_name`, `last_name`, `email`, `phone`, `created_at`, `update_at`) VALUES (11, 'Buster', 'Pouros', 'carmella.herzog@example.com', '275-566-6802', '1983-12-24 03:36:52', '2006-08-02 03:14:27');
INSERT INTO `users` (`id`, `first_name`, `last_name`, `email`, `phone`, `created_at`, `update_at`) VALUES (12, 'Gabriel', 'Klocko', 'scarlett.heller@example.org', '411-730-6116', '1999-05-10 12:54:10', '1984-03-03 09:37:06');
INSERT INTO `users` (`id`, `first_name`, `last_name`, `email`, `phone`, `created_at`, `update_at`) VALUES (13, 'Amara', 'Wiegand', 'qkuhn@example.com', '06915303970', '2013-04-05 17:49:32', '2013-06-07 12:18:38');
INSERT INTO `users` (`id`, `first_name`, `last_name`, `email`, `phone`, `created_at`, `update_at`) VALUES (14, 'Tania', 'Ziemann', 'orville64@example.com', '(001)808-316', '2010-09-02 00:38:54', '1982-10-16 03:32:57');
INSERT INTO `users` (`id`, `first_name`, `last_name`, `email`, `phone`, `created_at`, `update_at`) VALUES (15, 'Kade', 'Ledner', 'metz.eloy@example.net', '378.902.6796', '2017-12-18 17:28:57', '1970-12-03 12:11:05');
INSERT INTO `users` (`id`, `first_name`, `last_name`, `email`, `phone`, `created_at`, `update_at`) VALUES (16, 'Deanna', 'Doyle', 'roberts.harvey@example.com', '1-386-385-43', '2003-07-05 04:44:19', '1980-10-26 11:45:23');
INSERT INTO `users` (`id`, `first_name`, `last_name`, `email`, `phone`, `created_at`, `update_at`) VALUES (17, 'Bernard', 'Towne', 'casey.hilpert@example.com', '(590)984-977', '1986-03-09 00:24:32', '2003-02-14 17:43:27');
INSERT INTO `users` (`id`, `first_name`, `last_name`, `email`, `phone`, `created_at`, `update_at`) VALUES (18, 'Elena', 'Boyle', 'miller.kailyn@example.com', '(288)831-590', '2012-01-08 14:43:27', '1985-03-20 18:57:38');
INSERT INTO `users` (`id`, `first_name`, `last_name`, `email`, `phone`, `created_at`, `update_at`) VALUES (19, 'Shanon', 'Roberts', 'rluettgen@example.net', '255.199.4281', '2014-06-14 23:05:00', '1971-01-07 14:34:07');
INSERT INTO `users` (`id`, `first_name`, `last_name`, `email`, `phone`, `created_at`, `update_at`) VALUES (20, 'Edwina', 'Waelchi', 'rice.freddie@example.com', '190-959-2426', '2014-10-30 07:23:17', '2005-02-07 15:59:53');
INSERT INTO `users` (`id`, `first_name`, `last_name`, `email`, `phone`, `created_at`, `update_at`) VALUES (21, 'Robert', 'Crona', 'jhermiston@example.com', '1-082-372-20', '2000-11-18 08:15:14', '1988-03-30 22:07:53');
INSERT INTO `users` (`id`, `first_name`, `last_name`, `email`, `phone`, `created_at`, `update_at`) VALUES (22, 'Bettye', 'Kutch', 'crosenbaum@example.com', '01391597519', '2004-03-07 16:38:36', '2002-01-01 12:34:54');
INSERT INTO `users` (`id`, `first_name`, `last_name`, `email`, `phone`, `created_at`, `update_at`) VALUES (23, 'Nadia', 'West', 'jamil60@example.net', '06839712889', '2014-01-24 04:53:05', '2000-03-07 04:20:30');
INSERT INTO `users` (`id`, `first_name`, `last_name`, `email`, `phone`, `created_at`, `update_at`) VALUES (24, 'Marilie', 'Marquardt', 'terry.jarvis@example.org', '1-946-722-61', '2010-07-15 09:54:27', '2000-01-06 05:21:43');
INSERT INTO `users` (`id`, `first_name`, `last_name`, `email`, `phone`, `created_at`, `update_at`) VALUES (25, 'Velma', 'Wyman', 'renee.muller@example.net', '(664)219-730', '1985-12-27 10:09:45', '2000-12-11 23:37:32');
INSERT INTO `users` (`id`, `first_name`, `last_name`, `email`, `phone`, `created_at`, `update_at`) VALUES (26, 'Micaela', 'Barrows', 'zemlak.carlotta@example.org', '1-811-848-86', '2003-05-29 01:59:06', '2018-10-23 16:38:48');
INSERT INTO `users` (`id`, `first_name`, `last_name`, `email`, `phone`, `created_at`, `update_at`) VALUES (27, 'Jordane', 'Connelly', 'javon.o\'conner@example.org', '387.760.1788', '2011-12-18 05:43:24', '1996-10-13 20:12:56');
INSERT INTO `users` (`id`, `first_name`, `last_name`, `email`, `phone`, `created_at`, `update_at`) VALUES (28, 'Eden', 'Kirlin', 'achamplin@example.com', '711-500-3630', '1977-11-13 16:33:11', '1986-09-03 01:03:50');
INSERT INTO `users` (`id`, `first_name`, `last_name`, `email`, `phone`, `created_at`, `update_at`) VALUES (29, 'Keegan', 'Lynch', 'rau.lucious@example.org', '1-662-162-13', '1996-06-14 15:38:21', '1992-04-23 22:16:19');
INSERT INTO `users` (`id`, `first_name`, `last_name`, `email`, `phone`, `created_at`, `update_at`) VALUES (30, 'Maritza', 'Goyette', 'mackenzie.schaefer@example.com', '02111609830', '2003-05-22 00:55:51', '2009-11-12 18:33:23');
INSERT INTO `users` (`id`, `first_name`, `last_name`, `email`, `phone`, `created_at`, `update_at`) VALUES (31, 'Kenyon', 'Waelchi', 'rebeca.kulas@example.net', '271.234.4677', '1992-03-22 08:43:04', '1988-01-08 01:40:22');
INSERT INTO `users` (`id`, `first_name`, `last_name`, `email`, `phone`, `created_at`, `update_at`) VALUES (32, 'Gracie', 'Hammes', 'antonetta.hermann@example.net', '159-950-9146', '1990-11-09 02:47:25', '2019-01-29 16:11:50');
INSERT INTO `users` (`id`, `first_name`, `last_name`, `email`, `phone`, `created_at`, `update_at`) VALUES (33, 'Maritza', 'Gislason', 'sanford.javier@example.com', '921.219.6668', '1999-07-06 15:46:52', '2016-09-06 00:41:56');
INSERT INTO `users` (`id`, `first_name`, `last_name`, `email`, `phone`, `created_at`, `update_at`) VALUES (34, 'Janelle', 'Stokes', 'promaguera@example.net', '+80(8)179887', '2003-02-03 19:29:24', '1977-03-02 04:02:25');
INSERT INTO `users` (`id`, `first_name`, `last_name`, `email`, `phone`, `created_at`, `update_at`) VALUES (35, 'Mayra', 'Schuster', 'seth14@example.com', '+36(2)658307', '1991-12-16 21:43:03', '1985-11-03 20:34:38');
INSERT INTO `users` (`id`, `first_name`, `last_name`, `email`, `phone`, `created_at`, `update_at`) VALUES (36, 'Verna', 'Barrows', 'zhansen@example.net', '060-385-5273', '1970-06-03 07:29:20', '2007-03-05 12:37:10');
INSERT INTO `users` (`id`, `first_name`, `last_name`, `email`, `phone`, `created_at`, `update_at`) VALUES (37, 'Daija', 'Rodriguez', 'nmorar@example.org', '(955)568-692', '2009-03-04 13:28:14', '1995-09-07 20:01:33');
INSERT INTO `users` (`id`, `first_name`, `last_name`, `email`, `phone`, `created_at`, `update_at`) VALUES (38, 'Delta', 'Stracke', 'sibyl84@example.net', '393-520-3634', '2004-02-19 22:24:26', '1993-01-12 20:09:12');
INSERT INTO `users` (`id`, `first_name`, `last_name`, `email`, `phone`, `created_at`, `update_at`) VALUES (39, 'Merritt', 'Considine', 'eichmann.ena@example.com', '(312)786-770', '2011-09-09 05:24:16', '1982-12-26 23:41:13');
INSERT INTO `users` (`id`, `first_name`, `last_name`, `email`, `phone`, `created_at`, `update_at`) VALUES (40, 'Francesca', 'Stamm', 'chelsea.kub@example.com', '041.540.2101', '1991-07-17 20:22:37', '1987-05-07 01:09:08');
INSERT INTO `users` (`id`, `first_name`, `last_name`, `email`, `phone`, `created_at`, `update_at`) VALUES (41, 'Antone', 'Hills', 'vfeil@example.com', '1-187-814-68', '1994-01-14 19:49:40', '1988-06-20 11:12:20');
INSERT INTO `users` (`id`, `first_name`, `last_name`, `email`, `phone`, `created_at`, `update_at`) VALUES (42, 'Verlie', 'O\'Connell', 'freda.fahey@example.com', '01052054597', '1971-05-31 03:18:13', '1992-11-10 01:17:22');
INSERT INTO `users` (`id`, `first_name`, `last_name`, `email`, `phone`, `created_at`, `update_at`) VALUES (43, 'Fannie', 'Waelchi', 'rosa.carter@example.net', '078-107-6866', '1998-07-21 12:55:14', '1996-05-25 01:21:40');
INSERT INTO `users` (`id`, `first_name`, `last_name`, `email`, `phone`, `created_at`, `update_at`) VALUES (44, 'Marcelle', 'Terry', 'daphney98@example.net', '(535)664-513', '2018-09-09 03:08:57', '1979-06-25 02:54:18');
INSERT INTO `users` (`id`, `first_name`, `last_name`, `email`, `phone`, `created_at`, `update_at`) VALUES (45, 'Randall', 'Green', 'thaag@example.org', '1-366-588-45', '2016-09-24 14:31:58', '2003-06-07 16:03:00');
INSERT INTO `users` (`id`, `first_name`, `last_name`, `email`, `phone`, `created_at`, `update_at`) VALUES (46, 'Emerald', 'Hammes', 'lue53@example.com', '(019)405-395', '1975-11-10 04:04:17', '2008-07-26 20:54:05');
INSERT INTO `users` (`id`, `first_name`, `last_name`, `email`, `phone`, `created_at`, `update_at`) VALUES (47, 'Jay', 'Sipes', 'chadd04@example.net', '1-366-423-27', '1991-03-25 01:56:55', '1997-12-11 19:24:49');
INSERT INTO `users` (`id`, `first_name`, `last_name`, `email`, `phone`, `created_at`, `update_at`) VALUES (48, 'Gladys', 'Jast', 'ubradtke@example.net', '(195)575-203', '2014-06-04 05:52:25', '1983-08-25 20:35:15');
INSERT INTO `users` (`id`, `first_name`, `last_name`, `email`, `phone`, `created_at`, `update_at`) VALUES (49, 'Jo', 'Kling', 'grohan@example.net', '627.007.6772', '2005-03-26 22:55:37', '1988-01-03 20:57:51');
INSERT INTO `users` (`id`, `first_name`, `last_name`, `email`, `phone`, `created_at`, `update_at`) VALUES (50, 'Rosina', 'Kuhn', 'pmorar@example.org', '1-883-369-77', '1971-03-11 06:04:15', '2004-06-07 15:36:12');
INSERT INTO `users` (`id`, `first_name`, `last_name`, `email`, `phone`, `created_at`, `update_at`) VALUES (51, 'Virginia', 'Von', 'rullrich@example.com', '(731)460-078', '1996-04-01 07:01:17', '2014-10-25 05:15:27');
INSERT INTO `users` (`id`, `first_name`, `last_name`, `email`, `phone`, `created_at`, `update_at`) VALUES (52, 'Khalid', 'Armstrong', 'koch.rose@example.org', '+41(1)453439', '2019-08-09 15:54:44', '1982-06-27 10:05:11');
INSERT INTO `users` (`id`, `first_name`, `last_name`, `email`, `phone`, `created_at`, `update_at`) VALUES (53, 'Aron', 'Gislason', 'harry87@example.com', '(222)202-266', '1994-04-14 18:23:28', '2002-11-22 02:46:21');
INSERT INTO `users` (`id`, `first_name`, `last_name`, `email`, `phone`, `created_at`, `update_at`) VALUES (54, 'Deondre', 'Mosciski', 'jerde.carmela@example.com', '392-799-4361', '1983-03-29 08:25:46', '1978-11-16 07:10:23');
INSERT INTO `users` (`id`, `first_name`, `last_name`, `email`, `phone`, `created_at`, `update_at`) VALUES (55, 'Erik', 'Miller', 'wiza.jolie@example.com', '(934)589-118', '2007-08-01 02:43:38', '1996-06-28 04:45:17');
INSERT INTO `users` (`id`, `first_name`, `last_name`, `email`, `phone`, `created_at`, `update_at`) VALUES (56, 'Arno', 'Lang', 'rebekah57@example.net', '04414692310', '1989-03-29 11:07:31', '2015-12-20 07:32:20');
INSERT INTO `users` (`id`, `first_name`, `last_name`, `email`, `phone`, `created_at`, `update_at`) VALUES (57, 'Natalie', 'Wilderman', 'christian.watsica@example.org', '479.252.6062', '1981-03-15 20:03:57', '1978-06-25 12:43:38');
INSERT INTO `users` (`id`, `first_name`, `last_name`, `email`, `phone`, `created_at`, `update_at`) VALUES (58, 'Jermaine', 'Wolf', 'eli.feest@example.net', '555.868.2357', '2008-03-18 03:54:26', '1997-06-25 12:15:32');
INSERT INTO `users` (`id`, `first_name`, `last_name`, `email`, `phone`, `created_at`, `update_at`) VALUES (59, 'Mabel', 'Schiller', 'cassin.allen@example.com', '(122)768-404', '1983-03-21 09:10:20', '1972-04-27 16:46:26');
INSERT INTO `users` (`id`, `first_name`, `last_name`, `email`, `phone`, `created_at`, `update_at`) VALUES (60, 'Alessandro', 'Halvorson', 'dmuller@example.org', '09563448610', '1991-09-28 14:04:56', '1999-07-08 19:41:34');
INSERT INTO `users` (`id`, `first_name`, `last_name`, `email`, `phone`, `created_at`, `update_at`) VALUES (61, 'Rod', 'Hand', 'davon40@example.com', '08190538773', '2006-08-29 12:57:23', '1976-07-29 10:34:19');
INSERT INTO `users` (`id`, `first_name`, `last_name`, `email`, `phone`, `created_at`, `update_at`) VALUES (62, 'Keyshawn', 'Barton', 'luettgen.nolan@example.net', '+01(6)223369', '2010-10-05 12:33:18', '1997-04-04 06:11:18');
INSERT INTO `users` (`id`, `first_name`, `last_name`, `email`, `phone`, `created_at`, `update_at`) VALUES (63, 'Gunnar', 'Williamson', 'adonis.medhurst@example.com', '054-102-3964', '1974-11-22 08:54:34', '2001-04-04 17:45:01');
INSERT INTO `users` (`id`, `first_name`, `last_name`, `email`, `phone`, `created_at`, `update_at`) VALUES (64, 'Arthur', 'McLaughlin', 'senger.shirley@example.net', '+90(8)280993', '1989-01-07 14:48:48', '2015-04-14 04:18:39');
INSERT INTO `users` (`id`, `first_name`, `last_name`, `email`, `phone`, `created_at`, `update_at`) VALUES (65, 'Karl', 'Schimmel', 'elvie82@example.org', '663-454-7583', '2005-02-17 18:56:32', '1987-03-10 16:37:10');
INSERT INTO `users` (`id`, `first_name`, `last_name`, `email`, `phone`, `created_at`, `update_at`) VALUES (66, 'Omer', 'Nitzsche', 'zvandervort@example.com', '(859)296-446', '2017-11-17 04:43:23', '1978-05-07 07:58:04');
INSERT INTO `users` (`id`, `first_name`, `last_name`, `email`, `phone`, `created_at`, `update_at`) VALUES (67, 'Kobe', 'Morar', 'cormier.stephan@example.org', '042.689.4365', '1976-06-24 23:29:15', '1987-01-16 17:51:51');
INSERT INTO `users` (`id`, `first_name`, `last_name`, `email`, `phone`, `created_at`, `update_at`) VALUES (68, 'Mavis', 'Herzog', 'bschuppe@example.com', '1-288-823-87', '2009-03-18 06:50:57', '1981-02-10 14:09:28');
INSERT INTO `users` (`id`, `first_name`, `last_name`, `email`, `phone`, `created_at`, `update_at`) VALUES (69, 'Rebekah', 'Trantow', 'xconnelly@example.org', '758.276.7940', '1985-12-12 00:33:12', '2005-09-06 03:00:52');
INSERT INTO `users` (`id`, `first_name`, `last_name`, `email`, `phone`, `created_at`, `update_at`) VALUES (70, 'Jace', 'Littel', 'weimann.libbie@example.net', '(974)508-478', '2017-09-10 19:28:55', '2008-06-19 20:35:11');
INSERT INTO `users` (`id`, `first_name`, `last_name`, `email`, `phone`, `created_at`, `update_at`) VALUES (71, 'Emanuel', 'Kiehn', 'golden.schamberger@example.org', '266.863.2159', '2009-01-11 14:39:52', '1992-03-08 16:32:12');
INSERT INTO `users` (`id`, `first_name`, `last_name`, `email`, `phone`, `created_at`, `update_at`) VALUES (72, 'Consuelo', 'Altenwerth', 'nschmidt@example.com', '(943)084-240', '1995-03-31 22:28:29', '2014-11-29 17:30:53');
INSERT INTO `users` (`id`, `first_name`, `last_name`, `email`, `phone`, `created_at`, `update_at`) VALUES (73, 'Bret', 'Cartwright', 'mkemmer@example.org', '1-808-263-71', '1986-05-22 23:57:32', '2008-02-14 22:12:20');
INSERT INTO `users` (`id`, `first_name`, `last_name`, `email`, `phone`, `created_at`, `update_at`) VALUES (74, 'Mike', 'Mosciski', 'daron.kihn@example.org', '(651)630-048', '2001-10-21 15:05:58', '2003-12-17 04:42:15');
INSERT INTO `users` (`id`, `first_name`, `last_name`, `email`, `phone`, `created_at`, `update_at`) VALUES (75, 'Regan', 'Hettinger', 'henriette.block@example.net', '329-272-8883', '2000-04-08 16:52:34', '2001-10-30 00:52:18');
INSERT INTO `users` (`id`, `first_name`, `last_name`, `email`, `phone`, `created_at`, `update_at`) VALUES (76, 'Anika', 'Sawayn', 'itzel.deckow@example.org', '1-138-154-49', '1974-08-19 21:37:17', '1986-04-15 05:15:46');
INSERT INTO `users` (`id`, `first_name`, `last_name`, `email`, `phone`, `created_at`, `update_at`) VALUES (77, 'Wendell', 'Daugherty', 'tremblay.arianna@example.net', '(617)599-080', '1978-06-10 08:24:39', '1980-08-19 10:11:35');
INSERT INTO `users` (`id`, `first_name`, `last_name`, `email`, `phone`, `created_at`, `update_at`) VALUES (78, 'Esperanza', 'Crona', 'vpowlowski@example.com', '759-536-5335', '2005-05-28 16:38:01', '2012-10-21 15:34:18');
INSERT INTO `users` (`id`, `first_name`, `last_name`, `email`, `phone`, `created_at`, `update_at`) VALUES (79, 'Alexis', 'Hettinger', 'gerlach.jan@example.com', '1-339-975-79', '2002-06-02 06:17:21', '1982-06-09 01:34:40');
INSERT INTO `users` (`id`, `first_name`, `last_name`, `email`, `phone`, `created_at`, `update_at`) VALUES (80, 'Braden', 'Hermiston', 'general.ziemann@example.com', '1-012-859-45', '1972-02-26 04:00:04', '2006-05-22 06:03:31');
INSERT INTO `users` (`id`, `first_name`, `last_name`, `email`, `phone`, `created_at`, `update_at`) VALUES (81, 'Makayla', 'Bechtelar', 'ubrown@example.net', '1-190-848-05', '1973-11-29 00:19:21', '1995-10-17 15:10:40');
INSERT INTO `users` (`id`, `first_name`, `last_name`, `email`, `phone`, `created_at`, `update_at`) VALUES (82, 'Daniela', 'Pfeffer', 'alowe@example.com', '345.658.4775', '1995-04-09 10:17:13', '2015-08-04 13:58:20');
INSERT INTO `users` (`id`, `first_name`, `last_name`, `email`, `phone`, `created_at`, `update_at`) VALUES (83, 'Clovis', 'Boyer', 'marta.hayes@example.org', '782-258-9436', '1984-08-26 14:15:06', '2015-05-23 14:02:26');
INSERT INTO `users` (`id`, `first_name`, `last_name`, `email`, `phone`, `created_at`, `update_at`) VALUES (84, 'Jerrold', 'Mayer', 'dashawn.schoen@example.org', '531-836-6480', '2012-09-29 03:26:53', '1990-09-05 08:38:02');
INSERT INTO `users` (`id`, `first_name`, `last_name`, `email`, `phone`, `created_at`, `update_at`) VALUES (85, 'Raphaelle', 'Pacocha', 'kiley85@example.org', '241-547-2906', '2018-03-30 20:24:29', '1992-05-01 19:25:14');
INSERT INTO `users` (`id`, `first_name`, `last_name`, `email`, `phone`, `created_at`, `update_at`) VALUES (86, 'Kaela', 'Anderson', 'jacobson.edd@example.com', '444.385.8806', '1986-05-13 02:54:20', '1972-05-03 15:28:53');
INSERT INTO `users` (`id`, `first_name`, `last_name`, `email`, `phone`, `created_at`, `update_at`) VALUES (87, 'Marianna', 'Langosh', 'smith.otto@example.net', '143-272-4634', '2009-08-30 11:23:13', '1991-04-05 23:46:23');
INSERT INTO `users` (`id`, `first_name`, `last_name`, `email`, `phone`, `created_at`, `update_at`) VALUES (88, 'Janet', 'Bailey', 'umedhurst@example.com', '(248)399-982', '1970-06-07 04:02:48', '1990-11-11 21:35:55');
INSERT INTO `users` (`id`, `first_name`, `last_name`, `email`, `phone`, `created_at`, `update_at`) VALUES (89, 'Lora', 'Bednar', 'wrempel@example.net', '(927)178-699', '1979-04-20 17:17:23', '1997-06-04 09:37:07');
INSERT INTO `users` (`id`, `first_name`, `last_name`, `email`, `phone`, `created_at`, `update_at`) VALUES (90, 'Nikolas', 'Jakubowski', 'yframi@example.org', '936-375-1391', '1974-05-04 02:26:49', '2003-01-26 07:01:15');
INSERT INTO `users` (`id`, `first_name`, `last_name`, `email`, `phone`, `created_at`, `update_at`) VALUES (91, 'Carlee', 'Schultz', 'gwillms@example.com', '951-910-5520', '2014-10-08 07:32:33', '1998-09-30 00:40:36');
INSERT INTO `users` (`id`, `first_name`, `last_name`, `email`, `phone`, `created_at`, `update_at`) VALUES (92, 'Leland', 'Dooley', 'electa.gleichner@example.com', '366-379-8805', '2005-06-19 22:27:24', '2016-09-13 22:30:28');
INSERT INTO `users` (`id`, `first_name`, `last_name`, `email`, `phone`, `created_at`, `update_at`) VALUES (93, 'Concepcion', 'Schumm', 'kharris@example.net', '051.022.1556', '1991-03-19 18:42:34', '1985-01-10 19:42:06');
INSERT INTO `users` (`id`, `first_name`, `last_name`, `email`, `phone`, `created_at`, `update_at`) VALUES (94, 'Garrick', 'D\'Amore', 'lafayette.adams@example.net', '396-063-7964', '1979-05-11 12:04:53', '1991-01-12 05:03:12');
INSERT INTO `users` (`id`, `first_name`, `last_name`, `email`, `phone`, `created_at`, `update_at`) VALUES (95, 'Thurman', 'Kuhn', 'laura.fritsch@example.org', '469.198.8252', '2018-01-28 23:25:52', '2016-11-27 13:36:29');
INSERT INTO `users` (`id`, `first_name`, `last_name`, `email`, `phone`, `created_at`, `update_at`) VALUES (96, 'Lurline', 'Schroeder', 'zblock@example.org', '196.235.9921', '1995-06-07 03:44:54', '1973-06-08 13:32:53');
INSERT INTO `users` (`id`, `first_name`, `last_name`, `email`, `phone`, `created_at`, `update_at`) VALUES (97, 'Cydney', 'Walsh', 'krempel@example.org', '1-403-983-86', '1981-03-06 10:50:40', '2019-07-09 18:44:57');
INSERT INTO `users` (`id`, `first_name`, `last_name`, `email`, `phone`, `created_at`, `update_at`) VALUES (98, 'Kristofer', 'Miller', 'pbins@example.com', '1-258-372-02', '2019-05-18 17:32:14', '2007-04-16 15:31:07');
INSERT INTO `users` (`id`, `first_name`, `last_name`, `email`, `phone`, `created_at`, `update_at`) VALUES (99, 'Marge', 'Bradtke', 'ohuel@example.com', '187-794-7069', '2006-12-01 19:24:36', '1990-05-16 22:13:04');
INSERT INTO `users` (`id`, `first_name`, `last_name`, `email`, `phone`, `created_at`, `update_at`) VALUES (100, 'Faustino', 'Larson', 'hklein@example.org', '1-735-307-39', '1982-08-19 15:51:46', '2005-10-09 16:19:36');


